"id","idProdutoCafe","idFuncionario","idUsuario","DataCompra","Qtde","Unitario","Total","update_at","deleted_at","insert_at"
"1","1","5420","1243","30/3/2023","1","0.5","0.5","30/3/2023 17:32:17","30/3/2023 17:52:28","30/3/2023 17:32:17"
"2","3","5420","5420","31/3/2023","1","0.01","0.01","1/1/1 00:00:00","31/3/2023 08:41:10","31/3/2023 08:38:09"
"3","2","5420","5420","31/3/2023","1","0.01","0.01","1/1/1 00:00:00","31/3/2023 17:33:02","31/3/2023 17:32:40"
"4","2","5420","5420","31/3/2023","1","2","2","1/1/1 00:00:00","31/3/2023 17:48:04","31/3/2023 17:46:22"
"5","5","5420","5420","31/3/2023","1","1","1","1/1/1 00:00:00","31/3/2023 17:48:02","31/3/2023 17:46:29"
"6","5","5418","4629","31/3/2023","10","2.3","23","1/1/1 00:00:00",,"31/3/2023 17:52:47"
"7","5","4629","4629","31/3/2023","8","2.3","18.4","1/1/1 00:00:00",,"31/3/2023 17:53:54"
"8","4","4868","4629","31/3/2023","4","2.3","9.2","1/1/1 00:00:00",,"31/3/2023 17:54:16"
"9","5","1774","4629","31/3/2023","14","2.3","32.2","1/1/1 00:00:00",,"31/3/2023 17:54:39"
"10","4","4973","4629","31/3/2023","6","2.3","13.8","1/1/1 00:00:00",,"31/3/2023 17:55:00"
"11","2","1774","4629","25/5/2023","2","2.3","4.6","25/5/2023 15:19:52",,"25/5/2023 15:19:52"
"12","4","4866","4629","31/3/2023","10","2.3","23","1/1/1 00:00:00",,"31/3/2023 17:55:37"
"13","5","4968","4629","31/3/2023","11","2.3","25.3","1/1/1 00:00:00",,"1/4/2023 08:14:10"
"14","4","1774","4629","4/4/2023","1","2.3","2.3","1/1/1 00:00:00",,"5/4/2023 09:30:10"
"15","4","4868","4629","8/4/2023","2","2.3","4.6","1/1/1 00:00:00",,"10/4/2023 11:00:55"
"16","2","1774","4629","8/4/2023","1","2.3","2.3","1/1/1 00:00:00",,"10/4/2023 11:01:21"
"17","2","1774","4629","10/4/2023","1","2.3","2.3","1/1/1 00:00:00",,"10/4/2023 11:01:37"
"18","2","1774","4971","13/4/2023","1","2.3","2.3","1/1/1 00:00:00",,"13/4/2023 14:02:47"
"19","5","5418","4971","13/4/2023","2","2.3","4.6","13/4/2023 14:04:09","13/4/2023 14:05:02","13/4/2023 14:04:09"
"20","5","5418","4971","13/4/2023","2","2.3","4.6","1/1/1 00:00:00",,"13/4/2023 14:05:48"
"21","5","4866","4971","13/4/2023","1","2.3","2.3","1/1/1 00:00:00",,"13/4/2023 16:11:20"
"22","4","4866","4971","13/4/2023","1","2.3","2.3","1/1/1 00:00:00",,"13/4/2023 16:11:49"
"23","4","4973","4971","13/4/2023","2","2.3","4.6","1/1/1 00:00:00",,"13/4/2023 16:12:13"
"24","5","4968","4971","14/4/2023","2","2.3","4.6","1/1/1 00:00:00",,"14/4/2023 08:37:48"
"25","1","5418","4971","14/4/2023","2","2.3","4.6","1/1/1 00:00:00",,"14/4/2023 08:38:35"
"26","5","4629","4971","14/4/2023","2","2.3","4.6","1/1/1 00:00:00",,"14/4/2023 10:00:47"
"27","2","1774","4971","17/4/2023","1","2.3","2.3","1/1/1 00:00:00",,"17/4/2023 17:41:12"
"28","2","1774","4971","18/4/2023","1","2.3","2.3","1/1/1 00:00:00",,"18/4/2023 12:10:28"
"29","5","4629","4629","19/4/2023","2","2.3","4.6","1/1/1 00:00:00",,"19/4/2023 16:21:54"
"30","5","5418","4971","19/4/2023","1","2.3","2.3","1/1/1 00:00:00","19/4/2023 17:16:49","19/4/2023 17:16:32"
"31","5","4968","4971","19/4/2023","1","2.3","2.3","1/1/1 00:00:00",,"19/4/2023 17:17:06"
"32","2","1774","4971","20/4/2023","1","2.3","2.3","1/1/1 00:00:00",,"20/4/2023 09:54:49"
"33","1","4868","4971","24/4/2023","2","2.3","4.6","1/1/1 00:00:00",,"24/4/2023 09:54:25"
"34","2","1774","4971","24/4/2023","1","2.3","2.3","1/1/1 00:00:00",,"24/4/2023 09:54:42"
"35","5","4968","4971","24/4/2023","1","2.3","2.3","1/1/1 00:00:00",,"24/4/2023 09:56:32"
"36","5","4868","4971","25/4/2023","2","2.3","4.6","1/1/1 00:00:00",,"25/4/2023 17:36:10"
"37","5","5418","4971","26/4/2023","2","2.3","4.6","1/1/1 00:00:00",,"26/4/2023 10:35:38"
"38","5","4629","4971","26/4/2023","2","2.3","4.6","1/1/1 00:00:00",,"26/4/2023 16:19:20"
"39","2","1774","4971","28/4/2023","1","2.3","2.3","1/1/1 00:00:00",,"28/4/2023 10:45:35"
"40","5","4629","4629","2/5/2023","2","2.3","4.6","1/1/1 00:00:00",,"2/5/2023 09:40:58"
"41","2","1774","4971","3/5/2023","1","2.3","2.3","1/1/1 00:00:00",,"3/5/2023 09:29:37"
"42","5","4968","4971","3/5/2023","1","2.3","2.3","1/1/1 00:00:00",,"3/5/2023 09:35:36"
"43","5","4968","4971","3/5/2023","1","2.3","2.3","1/1/1 00:00:00",,"3/5/2023 15:11:43"
"44","4","4868","4971","5/5/2023","2","2.3","4.6","1/1/1 00:00:00",,"5/5/2023 09:54:47"
"45","2","1774","4971","5/5/2023","1","2.3","2.3","1/1/1 00:00:00",,"5/5/2023 09:55:03"
"46","4","2472","4629","5/5/2023","2","2.3","4.6","1/1/1 00:00:00",,"5/5/2023 16:00:50"
"47","5","4866","4971","8/5/2023","1","2.3","2.3","1/1/1 00:00:00",,"8/5/2023 11:15:59"
"48","5","4968","4971","9/5/2023","1","2.3","2.3","1/1/1 00:00:00",,"9/5/2023 08:42:18"
"49","4","4973","4971","10/5/2023","2","2.3","4.6","1/1/1 00:00:00",,"10/5/2023 13:51:38"
"50","2","1774","4971","10/5/2023","1","2.3","2.3","1/1/1 00:00:00",,"10/5/2023 13:52:09"
"51","2","4868","4971","10/5/2023","2","2.3","4.6","1/1/1 00:00:00",,"10/5/2023 13:52:25"
"52","2","1774","4971","11/5/2023","1","2.3","2.3","1/1/1 00:00:00",,"11/5/2023 16:33:31"
"53","5","4868","4971","11/5/2023","2","2.3","4.6","1/1/1 00:00:00",,"11/5/2023 16:34:02"
"54","2","1774","4971","12/5/2023","1","2.3","2.3","1/1/1 00:00:00",,"12/5/2023 09:40:38"
"55","2","1774","4971","13/5/2023","1","2.3","2.3","1/1/1 00:00:00",,"13/5/2023 09:27:34"
"56","5","4968","4971","13/5/2023","1","2.3","2.3","1/1/1 00:00:00",,"13/5/2023 10:00:19"
"57","5","4629","4971","13/5/2023","2","2.3","4.6","1/1/1 00:00:00",,"13/5/2023 10:41:38"
"58","5","4968","4971","15/5/2023","1","2.3","2.3","1/1/1 00:00:00",,"15/5/2023 11:11:48"
"59","2","1774","4971","16/5/2023","1","2.3","2.3","1/1/1 00:00:00",,"16/5/2023 10:25:41"
"60","4","4868","4971","16/5/2023","2","2.3","4.6","1/1/1 00:00:00",,"16/5/2023 10:26:09"
"61","2","1774","4971","17/5/2023","1","2.3","2.3","1/1/1 00:00:00",,"17/5/2023 09:39:18"
"62","2","1774","4971","18/5/2023","1","2.3","2.3","1/1/1 00:00:00",,"18/5/2023 08:57:42"
"63","2","1774","4971","19/5/2023","1","2.3","2.3","1/1/1 00:00:00",,"19/5/2023 09:26:36"
"64","5","4968","4971","19/5/2023","1","2.3","2.3","1/1/1 00:00:00",,"19/5/2023 09:26:51"
"65","4","4868","4971","19/5/2023","2","2.3","4.6","1/1/1 00:00:00",,"19/5/2023 09:27:08"
"66","5","4629","4629","19/5/2023","2","2.3","4.6","1/1/1 00:00:00",,"19/5/2023 17:02:29"
"67","1","5418","4971","20/5/2023","2","2.3","4.6","1/1/1 00:00:00",,"20/5/2023 09:08:19"
"68","2","1774","4971","22/5/2023","1","2.3","2.3","1/1/1 00:00:00",,"22/5/2023 11:08:37"
"69","5","4968","4971","22/5/2023","1","2.3","2.3","1/1/1 00:00:00",,"22/5/2023 11:08:53"
"70","2","1774","4971","23/5/2023","1","2.3","2.3","1/1/1 00:00:00",,"23/5/2023 11:09:31"
"71","4","4868","4971","23/5/2023","2","2.3","4.6","1/1/1 00:00:00",,"23/5/2023 11:09:55"
"72","2","5420","4629","24/5/2023","4","2.3","9.2","25/5/2023 17:25:33",,"25/5/2023 17:25:33"
"73","2","5420","4629","25/5/2023","2","2.3","4.6","1/1/1 00:00:00",,"25/5/2023 17:25:15"
"74","1","4868","4629","25/5/2023","2","2.3","4.6","1/1/1 00:00:00",,"25/5/2023 17:26:18"
"75","2","1774","4629","25/5/2023","1","2.3","2.3","1/1/1 00:00:00",,"25/5/2023 17:26:33"
"76","5","4968","4629","25/5/2023","2","2.3","4.6","1/1/1 00:00:00",,"25/5/2023 17:26:52"
"77","2","1774","4971","26/5/2023","1","2.3","2.3","1/1/1 00:00:00",,"26/5/2023 16:07:08"
"78","4","5420","4971","26/5/2023","2","2.3","4.6","1/1/1 00:00:00",,"26/5/2023 16:07:25"
"79","5","4868","4971","26/5/2023","2","2.3","4.6","1/1/1 00:00:00",,"26/5/2023 16:09:43"
"80","5","5420","4971","27/5/2023","2","2.3","4.6","1/1/1 00:00:00",,"27/5/2023 10:01:04"
"81","4","4868","4971","27/5/2023","2","2.3","4.6","1/1/1 00:00:00",,"27/5/2023 10:01:32"
"82","2","1774","4971","29/5/2023","1","2.3","2.3","1/1/1 00:00:00",,"29/5/2023 12:52:27"
"83","4","5420","4971","29/5/2023","2","2.3","4.6","1/1/1 00:00:00",,"29/5/2023 12:53:24"
"84","5","4868","4971","29/5/2023","2","2.3","4.6","1/1/1 00:00:00",,"29/5/2023 12:54:10"
"85","5","4968","4971","30/5/2023","1","2.3","2.3","1/1/1 00:00:00",,"30/5/2023 10:55:05"
"86","5","4968","4629","1/6/2023","1","2.3","2.3","1/1/1 00:00:00",,"1/6/2023 08:49:26"
"87","5","5420","4971","1/6/2023","2","2.3","4.6","1/1/1 00:00:00",,"1/6/2023 11:49:55"
"88","4","4868","4971","1/6/2023","2","2.3","4.6","1/1/1 00:00:00",,"1/6/2023 11:50:12"
"89","2","1774","4971","1/6/2023","1","2.3","2.3","1/1/1 00:00:00",,"1/6/2023 11:50:26"
"90","5","4629","4971","1/6/2023","2","2.3","4.6","1/1/1 00:00:00",,"1/6/2023 11:50:44"
"91","4","5420","4971","2/6/2023","1","2.3","2.3","1/1/1 00:00:00",,"2/6/2023 16:56:24"
"92","5","4968","4971","2/6/2023","1","2.3","2.3","1/1/1 00:00:00",,"2/6/2023 16:56:46"
"93","5","4866","4971","3/6/2023","1","2.3","2.3","1/1/1 00:00:00",,"3/6/2023 09:35:35"
"94","2","1774","4971","3/6/2023","1","2.3","2.3","1/1/1 00:00:00",,"3/6/2023 09:36:34"
"95","4","5420","4629","3/6/2023","2","2.3","4.6","1/1/1 00:00:00",,"3/6/2023 09:38:35"
"96","2","4868","4629","3/6/2023","2","2.3","4.6","1/1/1 00:00:00",,"3/6/2023 09:38:54"
"97","2","1774","4971","5/6/2023","1","2.3","2.3","1/1/1 00:00:00",,"5/6/2023 10:00:47"
"98","5","5420","4971","5/6/2023","2","2.3","4.6","5/6/2023 10:01:31",,"5/6/2023 10:01:31"
"99","4","4868","4971","5/6/2023","2","2.3","4.6","1/1/1 00:00:00",,"5/6/2023 10:02:07"
"100","5","4629","4971","5/6/2023","2","2.3","4.6","1/1/1 00:00:00",,"5/6/2023 10:02:24"
"101","2","5420","4629","6/6/2023","2","2.3","4.6","1/1/1 00:00:00",,"6/6/2023 09:30:20"
"102","2","4868","4629","6/6/2023","2","2.3","4.6","1/1/1 00:00:00",,"6/6/2023 09:30:40"
"103","2","1774","4629","6/6/2023","1","2.3","2.3","1/1/1 00:00:00",,"6/6/2023 09:30:55"
"104","5","4968","4971","6/6/2023","1","2.3","2.3","1/1/1 00:00:00",,"6/6/2023 09:41:00"
"105","5","5420","4971","6/6/2023","2","2.3","4.6","1/1/1 00:00:00",,"6/6/2023 16:36:53"
"106","5","4868","4971","6/6/2023","2","2.3","4.6","1/1/1 00:00:00",,"6/6/2023 16:37:11"
"107","1","5418","4971","7/6/2023","5","2.3","11.5","1/1/1 00:00:00",,"7/6/2023 09:51:36"
"108","5","4629","4971","7/6/2023","2","2.3","4.6","1/1/1 00:00:00",,"7/6/2023 09:51:54"
"109","1","5420","4971","9/6/2023","2","2.3","4.6","1/1/1 00:00:00",,"9/6/2023 09:56:38"
"110","5","4868","4971","9/6/2023","2","2.3","4.6","1/1/1 00:00:00",,"9/6/2023 09:56:58"
"111","2","1774","4971","9/6/2023","1","2.3","2.3","1/1/1 00:00:00",,"9/6/2023 09:57:15"
"112","5","4968","4971","9/6/2023","1","2.3","2.3","1/1/1 00:00:00",,"9/6/2023 09:57:29"
"113","2","1774","4971","10/6/2023","1","2.3","2.3","1/1/1 00:00:00",,"10/6/2023 08:08:23"
"114","2","5420","4629","10/6/2023","2","2.3","4.6","1/1/1 00:00:00",,"10/6/2023 09:39:51"
"115","1","4868","4971","10/6/2023","2","2.3","4.6","1/1/1 00:00:00",,"10/6/2023 09:43:15"
"116","2","5420","4629","13/6/2023","4","2.3","9.2","1/1/1 00:00:00",,"13/6/2023 10:14:27"
"117","2","1774","4629","13/6/2023","1","2.3","2.3","1/1/1 00:00:00",,"13/6/2023 10:14:43"
"118","2","4868","4629","13/6/2023","2","2.3","4.6","1/1/1 00:00:00",,"13/6/2023 10:15:00"
"119","2","1774","4971","13/6/2023","1","2.3","2.3","1/1/1 00:00:00",,"13/6/2023 17:36:33"
"120","5","4968","4971","13/6/2023","1","2.3","2.3","1/1/1 00:00:00",,"13/6/2023 17:36:51"
"121","4","5420","4971","13/6/2023","2","2.3","4.6","1/1/1 00:00:00",,"13/6/2023 17:40:16"
"122","1","4868","4971","13/6/2023","2","2.3","4.6","1/1/1 00:00:00",,"13/6/2023 17:40:35"
"123","4","4973","4971","14/6/2023","2","2.3","4.6","1/1/1 00:00:00",,"14/6/2023 10:09:39"
"124","2","1774","4971","14/6/2023","1","2.3","2.3","1/1/1 00:00:00",,"14/6/2023 10:09:57"
"125","5","4868","4971","14/6/2023","2","2.3","4.6","1/1/1 00:00:00",,"14/6/2023 10:10:22"
"126","4","5420","4971","14/6/2023","2","2.3","4.6","1/1/1 00:00:00",,"14/6/2023 10:10:45"
"127","1","5418","4971","14/6/2023","2","2.3","4.6","1/1/1 00:00:00",,"14/6/2023 13:59:17"
"128","2","1774","4971","16/6/2023","1","2.3","2.3","1/1/1 00:00:00",,"16/6/2023 09:40:16"
"129","1","5420","4971","16/6/2023","2","2.3","4.6","1/1/1 00:00:00",,"16/6/2023 09:40:36"
"130","5","4868","4971","16/6/2023","2","2.3","4.6","1/1/1 00:00:00",,"16/6/2023 09:40:52"
"131","5","4968","4971","17/6/2023","1","2.3","2.3","1/1/1 00:00:00",,"17/6/2023 09:07:27"
"132","2","5420","4629","19/6/2023","2","2.3","4.6","1/1/1 00:00:00",,"19/6/2023 17:59:12"
"133","5","4968","4629","19/6/2023","1","2.3","2.3","1/1/1 00:00:00",,"19/6/2023 17:59:27"
"134","2","5420","4629","20/6/2023","2","2.3","4.6","1/1/1 00:00:00",,"20/6/2023 09:29:49"
"135","4","1774","4629","20/6/2023","1","2.3","2.3","1/1/1 00:00:00",,"20/6/2023 09:30:06"
"136","2","4868","4629","22/6/2023","2","2.3","4.6","1/1/1 00:00:00",,"22/6/2023 09:48:03"
"137","2","5420","4629","22/6/2023","4","2.3","9.2","1/1/1 00:00:00",,"22/6/2023 09:48:23"
"138","2","1774","4629","22/6/2023","2","2.3","4.6","1/1/1 00:00:00",,"22/6/2023 09:48:39"
"139","5","2472","4629","22/6/2023","2","2.3","4.6","1/1/1 00:00:00",,"22/6/2023 09:48:56"
"140","5","4968","4971","21/6/2023","1","2.3","2.3","22/6/2023 09:57:19",,"22/6/2023 09:57:19"
"141","5","4968","4971","23/6/2023","1","2.3","2.3","1/1/1 00:00:00",,"23/6/2023 15:37:31"
"142","5","4629","4971","23/6/2023","2","2.3","4.6","1/1/1 00:00:00",,"23/6/2023 15:37:47"
"143","2","1774","4971","24/6/2023","1","2.3","2.3","1/1/1 00:00:00",,"24/6/2023 09:19:42"
"144","5","5420","4971","24/6/2023","1","2.3","2.3","1/1/1 00:00:00",,"24/6/2023 09:19:59"
"145","1","4868","4971","24/6/2023","2","2.3","4.6","1/1/1 00:00:00",,"24/6/2023 09:20:15"
"146","5","4968","4971","27/6/2023","1","2.3","2.3","1/1/1 00:00:00",,"27/6/2023 10:15:45"
"147","1","5418","4971","27/6/2023","2","2.3","4.6","1/1/1 00:00:00",,"27/6/2023 16:34:03"
"148","2","1774","4971","28/6/2023","1","2.3","2.3","1/1/1 00:00:00",,"28/6/2023 15:30:00"
"149","4","4868","4971","28/6/2023","2","2.3","4.6","1/1/1 00:00:00",,"28/6/2023 15:30:20"
"150","2","1774","4971","1/7/2023","1","2.3","2.3","1/1/1 00:00:00",,"1/7/2023 11:44:07"
"151","1","4868","4971","1/7/2023","2","2.3","4.6","1/1/1 00:00:00",,"1/7/2023 11:44:27"
"152","5","5420","4971","1/7/2023","2","2.3","4.6","1/1/1 00:00:00",,"1/7/2023 11:44:42"
"153","5","4968","4971","1/7/2023","1","2.3","2.3","1/1/1 00:00:00",,"1/7/2023 11:44:57"
"154","5","5418","4629","3/7/2023","4","2.3","9.2","1/1/1 00:00:00",,"4/7/2023 09:04:48"
"155","5","4968","4971","4/7/2023","1","2.3","2.3","1/1/1 00:00:00",,"4/7/2023 15:37:19"
"156","4","5420","4971","6/7/2023","2","2.3","4.6","1/1/1 00:00:00",,"6/7/2023 15:47:06"
"157","5","4968","4971","13/7/2023","1","2.3","2.3","1/1/1 00:00:00",,"13/7/2023 09:02:49"
"158","2","5420","4971","12/7/2023","2","2.3","4.6","1/1/1 00:00:00",,"13/7/2023 09:03:54"
"159","5","4629","4971","13/7/2023","2","2.3","4.6","1/1/1 00:00:00",,"13/7/2023 09:05:17"
"160","5","4866","4971","11/7/2023","2","2.3","4.6","1/1/1 00:00:00",,"13/7/2023 09:05:59"
"161","5","4968","4629","15/7/2023","1","2.3","2.3","1/1/1 00:00:00",,"15/7/2023 09:57:46"
"162","2","5420","4629","15/7/2023","2","2.3","4.6","1/1/1 00:00:00",,"15/7/2023 09:58:08"
"163","5","5422","4629","13/7/2023","2","2.3","4.6","1/1/1 00:00:00",,"15/7/2023 09:58:58"
"164","5","5422","4629","15/7/2023","2","2.3","4.6","1/1/1 00:00:00",,"15/7/2023 09:59:17"
"165","5","4968","4971","17/7/2023","1","2.3","2.3","1/1/1 00:00:00",,"17/7/2023 17:16:49"
"166","2","1774","4971","18/7/2023","1","2.3","2.3","1/1/1 00:00:00",,"18/7/2023 08:30:13"
"167","5","5422","4971","18/7/2023","2","2.3","4.6","1/1/1 00:00:00",,"18/7/2023 08:30:32"
"168","5","4968","4971","18/7/2023","1","2.3","2.3","1/1/1 00:00:00",,"18/7/2023 16:46:26"
"169","2","1774","4971","19/7/2023","3","2.3","6.9","1/1/1 00:00:00",,"19/7/2023 15:23:45"
"170","5","4968","4971","19/7/2023","1","2.3","2.3","1/1/1 00:00:00",,"19/7/2023 15:24:06"
"171","4","4868","4971","19/7/2023","1","2.3","2.3","1/1/1 00:00:00",,"19/7/2023 15:24:22"
"172","1","5418","4971","19/7/2023","2","2.3","4.6","1/1/1 00:00:00",,"19/7/2023 15:25:07"
"173","4","5418","4971","20/7/2023","2","2.3","4.6","1/1/1 00:00:00",,"20/7/2023 15:07:00"
"174","2","1774","4971","20/7/2023","2","2.3","4.6","1/1/1 00:00:00",,"20/7/2023 15:07:42"
"175","5","5420","4971","20/7/2023","2","2.3","4.6","1/1/1 00:00:00",,"20/7/2023 15:08:28"
"176","5","4968","4971","20/7/2023","1","2.3","2.3","1/1/1 00:00:00",,"20/7/2023 15:08:45"
"177","5","5422","4971","20/7/2023","2","2.3","4.6","1/1/1 00:00:00",,"20/7/2023 16:37:23"
"178","2","1774","4971","22/7/2023","1","2.3","2.3","1/1/1 00:00:00",,"22/7/2023 11:22:37"
"179","5","4968","4971","22/7/2023","1","2.3","2.3","1/1/1 00:00:00",,"22/7/2023 11:22:54"
"180","5","4968","4971","24/7/2023","1","2.3","2.3","1/1/1 00:00:00",,"24/7/2023 08:11:02"
"181","2","4967","4971","24/7/2023","2","2.3","4.6","1/1/1 00:00:00",,"24/7/2023 14:57:15"
"182","2","4967","4971","25/7/2023","2","2.3","4.6","1/1/1 00:00:00",,"25/7/2023 15:43:47"
"183","2","1774","4971","25/7/2023","1","2.3","2.3","1/1/1 00:00:00",,"25/7/2023 15:44:03"
"184","5","4968","4971","26/7/2023","1","2.3","2.3","1/1/1 00:00:00",,"26/7/2023 13:41:15"
"185","2","5420","4971","26/7/2023","2","2.3","4.6","1/1/1 00:00:00",,"26/7/2023 13:41:36"
"186","1","5420","4971","26/7/2023","2","2.3","4.6","1/1/1 00:00:00",,"26/7/2023 16:42:48"
"187","5","4868","4971","26/7/2023","2","2.3","4.6","1/1/1 00:00:00",,"26/7/2023 16:43:12"
"188","2","1774","4971","26/7/2023","1","2.3","2.3","1/1/1 00:00:00",,"26/7/2023 16:43:39"
"189","5","4968","4971","27/7/2023","1","2.3","2.3","1/1/1 00:00:00",,"27/7/2023 10:34:14"
"190","2","1774","4971","29/7/2023","1","2.3","2.3","1/1/1 00:00:00",,"29/7/2023 09:58:15"
"191","4","4967","4971","29/7/2023","2","2.3","4.6","1/1/1 00:00:00",,"29/7/2023 10:42:15"
"192","5","4868","4971","29/7/2023","2","2.3","4.6","1/1/1 00:00:00",,"29/7/2023 10:42:31"
"193","2","1774","4971","31/7/2023","1","2.3","2.3","1/1/1 00:00:00",,"31/7/2023 14:58:32"
"194","4","2472","4971","1/8/2023","2","2.3","4.6","1/1/1 00:00:00",,"1/8/2023 17:15:16"
"195","5","4868","4971","2/8/2023","2","2.3","4.6","1/1/1 00:00:00",,"2/8/2023 09:28:24"
"196","2","1774","4971","2/8/2023","1","2.3","2.3","1/1/1 00:00:00",,"2/8/2023 09:28:38"
"197","2","4967","4971","2/8/2023","4","2.3","9.2","1/1/1 00:00:00",,"2/8/2023 09:28:57"
"198","1","5422","4971","2/8/2023","2","2.3","4.6","1/1/1 00:00:00",,"2/8/2023 17:05:40"
"199","2","1774","4971","3/8/2023","1","2.3","2.3","1/1/1 00:00:00",,"3/8/2023 11:37:08"
"200","1","5420","4971","3/8/2023","2","2.3","4.6","1/1/1 00:00:00",,"3/8/2023 16:02:00"
"201","5","4868","4971","3/8/2023","2","2.3","4.6","1/1/1 00:00:00",,"3/8/2023 16:02:16"
"202","5","5420","4971","4/8/2023","1","2.3","2.3","1/1/1 00:00:00",,"4/8/2023 10:22:25"
"203","2","4967","4971","4/8/2023","2","2.3","4.6","1/1/1 00:00:00",,"4/8/2023 10:22:39"
"204","5","5422","4971","4/8/2023","2","2.3","4.6","1/1/1 00:00:00",,"4/8/2023 16:19:04"
"205","2","1774","4971","7/8/2023","1","2.3","2.3","1/1/1 00:00:00",,"7/8/2023 16:21:05"
"206","4","4868","4971","7/8/2023","2","2.3","4.6","1/1/1 00:00:00",,"7/8/2023 16:21:21"
"207","5","5420","4971","7/8/2023","2","2.3","4.6","1/1/1 00:00:00",,"7/8/2023 16:21:36"
"208","2","4967","4971","7/8/2023","2","2.3","4.6","1/1/1 00:00:00",,"7/8/2023 16:21:55"
"209","5","5422","4971","7/8/2023","2","2.3","4.6","1/1/1 00:00:00",,"7/8/2023 16:22:08"
"210","5","5418","4971","8/8/2023","2","2.3","4.6","1/1/1 00:00:00",,"8/8/2023 15:46:00"
"211","5","5422","4629","9/8/2023","2","2.3","4.6","1/1/1 00:00:00",,"9/8/2023 08:49:24"
"212","4","4866","4629","9/8/2023","2","2.3","4.6","1/1/1 00:00:00",,"9/8/2023 08:49:41"
"213","4","5418","4629","9/8/2023","2","2.3","4.6","1/1/1 00:00:00",,"9/8/2023 08:49:57"
"214","5","5422","4629","9/8/2023","2","2.3","4.6","1/1/1 00:00:00",,"9/8/2023 16:14:08"
"215","4","4967","4629","9/8/2023","2","2.3","4.6","1/1/1 00:00:00",,"9/8/2023 16:14:44"
"216","4","4868","4629","9/8/2023","2","2.3","4.6","1/1/1 00:00:00",,"9/8/2023 16:15:04"
"217","2","5420","4629","9/8/2023","2","2.3","4.6","1/1/1 00:00:00",,"9/8/2023 16:15:21"
"218","2","1774","4629","9/8/2023","1","2.3","2.3","1/1/1 00:00:00",,"9/8/2023 16:15:35"
"219","5","4968","4629","10/8/2023","1","2.3","2.3","1/1/1 00:00:00",,"10/8/2023 08:32:13"
"220","5","4968","4629","10/8/2023","1","2.3","2.3","1/1/1 00:00:00",,"10/8/2023 10:38:01"
"221","5","4629","4629","10/8/2023","2","2.3","4.6","1/1/1 00:00:00",,"10/8/2023 15:24:37"
"222","2","4968","4629","12/8/2023","1","2.3","2.3","1/1/1 00:00:00",,"12/8/2023 08:20:02"
"223","4","4967","4629","12/8/2023","2","2.3","4.6","1/1/1 00:00:00",,"12/8/2023 08:20:19"
"224","5","5422","4629","14/8/2023","2","2.3","4.6","1/1/1 00:00:00",,"14/8/2023 08:22:25"
"225","5","5418","4629","14/8/2023","2","2.3","4.6","1/1/1 00:00:00",,"14/8/2023 08:22:40"
"226","2","1774","4629","14/8/2023","1","2.3","2.3","1/1/1 00:00:00",,"14/8/2023 10:58:15"
"227","5","4968","4629","14/8/2023","1","2.3","2.3","1/1/1 00:00:00",,"14/8/2023 10:58:38"
"228","2","4967","4629","14/8/2023","2","2.3","4.6","1/1/1 00:00:00",,"14/8/2023 10:58:53"
"229","5","4968","4629","16/8/2023","1","2.3","2.3","1/1/1 00:00:00",,"16/8/2023 09:50:38"
"230","2","4968","4629","16/8/2023","1","2.3","2.3","1/1/1 00:00:00",,"16/8/2023 14:03:41"
"231","5","4968","4629","17/8/2023","4","2.3","9.2","1/1/1 00:00:00",,"17/8/2023 09:36:58"
"232","4","1774","4629","17/8/2023","1","2.3","2.3","1/1/1 00:00:00",,"17/8/2023 09:37:17"
"233","5","5422","4629","18/8/2023","2","2.3","4.6","1/1/1 00:00:00",,"18/8/2023 10:16:42"
"234","2","5418","4629","18/8/2023","2","2.3","4.6","1/1/1 00:00:00",,"18/8/2023 10:17:07"
"235","5","4968","4629","18/8/2023","2","2.3","4.6","1/1/1 00:00:00",,"18/8/2023 10:17:31"
"236","2","4967","4629","18/8/2023","2","2.3","4.6","1/1/1 00:00:00",,"18/8/2023 10:17:50"
"237","2","5420","4629","18/8/2023","2","2.3","4.6","1/1/1 00:00:00",,"18/8/2023 10:18:10"
"238","5","5422","4629","19/8/2023","2","2.3","4.6","1/1/1 00:00:00",,"19/8/2023 08:36:28"
"239","2","4968","4629","19/8/2023","1","2.3","2.3","1/1/1 00:00:00",,"19/8/2023 08:36:43"
"240","5","5418","4629","19/8/2023","2","2.3","4.6","1/1/1 00:00:00",,"19/8/2023 08:36:55"
"241","5","4629","4629","19/8/2023","2","2.3","4.6","1/1/1 00:00:00",,"19/8/2023 10:13:44"
"242","5","5422","4629","21/8/2023","2","2.3","4.6","1/1/1 00:00:00",,"21/8/2023 14:00:37"
"243","2","4968","4629","21/8/2023","1","2.3","2.3","1/1/1 00:00:00",,"21/8/2023 14:00:52"
"244","2","5418","4629","21/8/2023","2","2.3","4.6","1/1/1 00:00:00",,"21/8/2023 14:01:20"
"245","5","4968","4629","22/8/2023","1","2.3","2.3","1/1/1 00:00:00",,"22/8/2023 16:08:36"
"246","2","5420","4629","22/8/2023","2","2.3","4.6","1/1/1 00:00:00",,"22/8/2023 16:09:24"
"247","4","2472","4629","22/8/2023","2","2.3","4.6","1/1/1 00:00:00",,"22/8/2023 17:54:31"
"248","5","4968","4629","25/8/2023","2","2.3","4.6","1/1/1 00:00:00",,"25/8/2023 09:30:32"
"249","2","5420","4629","25/8/2023","2","2.3","4.6","1/1/1 00:00:00",,"25/8/2023 09:30:58"
"250","2","4967","4629","25/8/2023","2","2.3","4.6","1/1/1 00:00:00",,"25/8/2023 09:31:14"
"251","5","5422","4629","25/8/2023","2","2.3","4.6","1/1/1 00:00:00",,"25/8/2023 09:32:02"
"252","5","4629","4629","25/8/2023","2","2.3","4.6","1/1/1 00:00:00",,"25/8/2023 09:32:17"
"253","2","1774","4629","25/8/2023","1","2.3","2.3","1/1/1 00:00:00",,"25/8/2023 10:52:37"
"254","2","4968","4629","26/8/2023","1","2.3","2.3","1/1/1 00:00:00",,"26/8/2023 09:38:04"
"255","5","5422","4629","28/8/2023","2","2.3","4.6","1/1/1 00:00:00",,"28/8/2023 08:00:37"
"256","5","4968","4629","28/8/2023","1","2.3","2.3","1/1/1 00:00:00",,"28/8/2023 08:01:49"
"257","2","1774","4629","28/8/2023","1","2.3","2.3","1/1/1 00:00:00",,"28/8/2023 13:56:24"
"258","2","5420","4629","29/8/2023","2","2.3","4.6","1/1/1 00:00:00",,"29/8/2023 08:08:30"
"259","2","4967","4629","29/8/2023","2","2.3","4.6","1/1/1 00:00:00",,"29/8/2023 08:08:53"
"260","5","5422","4629","29/8/2023","2","2.3","4.6","1/1/1 00:00:00",,"29/8/2023 08:09:14"
"261","5","4968","4629","29/8/2023","1","2.3","2.3","1/1/1 00:00:00",,"29/8/2023 13:45:11"
"262","5","4968","4629","30/8/2023","1","2.3","2.3","1/1/1 00:00:00",,"30/8/2023 15:48:04"
"263","2","5420","4629","30/8/2023","2","2.3","4.6","1/1/1 00:00:00",,"30/8/2023 15:48:21"
"264","2","4967","4629","30/8/2023","2","2.3","4.6","1/1/1 00:00:00",,"30/8/2023 15:48:39"
"265","5","5422","4971","30/8/2023","2","2.3","4.6","1/1/1 00:00:00",,"30/8/2023 17:19:56"
"266","5","4968","4971","31/8/2023","1","2.3","2.3","1/1/1 00:00:00",,"31/8/2023 11:21:19"
"267","5","4968","4971","31/8/2023","1","2.3","2.3","1/1/1 00:00:00",,"31/8/2023 17:09:34"
"268","5","4629","4629","1/9/2023","2","2.3","4.6","1/1/1 00:00:00",,"1/9/2023 16:18:21"
"269","5","5418","4629","2/9/2023","2","2.3","4.6","1/1/1 00:00:00",,"2/9/2023 08:20:14"
"270","2","4866","4629","2/9/2023","2","2.3","4.6","1/1/1 00:00:00",,"2/9/2023 08:33:45"
"271","2","5420","4629","4/9/2023","2","2.3","4.6","1/1/1 00:00:00",,"4/9/2023 10:31:17"
"272","2","4967","4629","4/9/2023","2","2.3","4.6","1/1/1 00:00:00",,"4/9/2023 10:31:33"
"273","5","4968","4629","4/9/2023","1","2.3","2.3","1/1/1 00:00:00",,"4/9/2023 10:31:49"
"274","2","1774","4629","4/9/2023","1","2.3","2.3","1/1/1 00:00:00",,"4/9/2023 10:47:03"
"275","5","5418","4629","4/9/2023","6","2.3","13.8","1/1/1 00:00:00",,"4/9/2023 15:21:22"
"276","5","4629","4629","4/9/2023","2","2.3","4.6","1/1/1 00:00:00",,"4/9/2023 16:17:09"
"277","2","1774","4971","5/9/2023","1","2.3","2.3","1/1/1 00:00:00",,"5/9/2023 14:03:52"
"278","5","4968","4629","8/9/2023","1","2.3","2.3","1/1/1 00:00:00",,"8/9/2023 08:47:09"
"279","5","5418","4629","8/9/2023","2","2.3","4.6","1/1/1 00:00:00",,"8/9/2023 08:47:22"
"280","2","1774","4971","8/9/2023","1","2.3","2.3","1/1/1 00:00:00",,"8/9/2023 09:48:57"
"281","5","4968","4629","8/9/2023","1","2.3","2.3","1/1/1 00:00:00",,"8/9/2023 14:13:22"
"282","2","5420","4629","8/9/2023","2","2.3","4.6","1/1/1 00:00:00",,"8/9/2023 15:01:46"
"283","2","4967","4629","8/9/2023","2","2.3","4.6","1/1/1 00:00:00",,"8/9/2023 15:38:43"
"284","5","4629","4629","8/9/2023","2","2.3","4.6","1/1/1 00:00:00",,"8/9/2023 16:00:54"
"285","2","1774","4971","9/9/2023","1","2.3","2.3","1/1/1 00:00:00",,"9/9/2023 09:08:42"
"286","4","5420","4971","9/9/2023","2","2.3","4.6","1/1/1 00:00:00",,"9/9/2023 09:08:57"
"287","5","4967","4971","9/9/2023","2","2.3","4.6","1/1/1 00:00:00",,"9/9/2023 09:09:17"
"288","5","5418","4629","11/9/2023","2","2.3","4.6","1/1/1 00:00:00",,"11/9/2023 09:45:26"
"289","5","4968","4629","11/9/2023","1","2.3","2.3","1/1/1 00:00:00",,"11/9/2023 09:45:54"
"290","2","5420","4629","13/9/2023","1","2.3","2.3","1/1/1 00:00:00",,"13/9/2023 08:38:51"
"291","2","4967","4629","13/9/2023","2","2.3","4.6","1/1/1 00:00:00",,"13/9/2023 08:39:07"
"292","5","4968","4629","13/9/2023","2","2.3","4.6","1/1/1 00:00:00",,"13/9/2023 08:39:26"
"293","2","5420","4629","13/9/2023","1","2.3","2.3","1/1/1 00:00:00",,"13/9/2023 10:08:09"
"294","2","1774","4629","13/9/2023","1","2.3","2.3","1/1/1 00:00:00",,"13/9/2023 10:08:24"
"295","2","4967","4629","13/9/2023","2","2.3","4.6","1/1/1 00:00:00",,"13/9/2023 10:08:38"
"296","5","4968","4629","15/9/2023","3","2.3","6.9","1/1/1 00:00:00",,"15/9/2023 09:30:01"
"297","2","5420","4629","15/9/2023","2","2.3","4.6","1/1/1 00:00:00",,"15/9/2023 09:30:14"
"298","2","4967","4629","15/9/2023","2","2.3","4.6","1/1/1 00:00:00",,"15/9/2023 09:30:33"
"299","1","4974","4629","15/9/2023","2","2.3","4.6","1/1/1 00:00:00",,"15/9/2023 09:35:13"
"300","2","4866","4629","15/9/2023","2","2.3","4.6","1/1/1 00:00:00",,"15/9/2023 09:35:28"
"301","5","4629","4629","15/9/2023","2","2.3","4.6","1/1/1 00:00:00",,"15/9/2023 16:14:44"
"302","2","5420","4629","15/9/2023","2","2.3","4.6","1/1/1 00:00:00",,"15/9/2023 16:58:01"
"303","2","5418","4629","15/9/2023","2","2.3","4.6","1/1/1 00:00:00",,"15/9/2023 16:58:16"
"304","4","5420","4971","18/9/2023","2","2.3","4.6","1/1/1 00:00:00",,"18/9/2023 16:07:17"
"305","5","4968","4971","18/9/2023","1","2.3","2.3","1/1/1 00:00:00",,"18/9/2023 16:07:30"
"306","1","4967","4971","18/9/2023","2","2.3","4.6","1/1/1 00:00:00",,"18/9/2023 16:07:49"
"307","1","4967","4971","19/9/2023","2","2.3","4.6","1/1/1 00:00:00",,"19/9/2023 10:16:54"
"308","2","1774","4971","19/9/2023","2","2.3","4.6","1/1/1 00:00:00",,"19/9/2023 10:17:06"
"309","4","4974","4971","19/9/2023","2","2.3","4.6","1/1/1 00:00:00",,"19/9/2023 10:19:23"
"310","1","5418","4971","21/9/2023","2","2.3","4.6","1/1/1 00:00:00",,"21/9/2023 09:49:33"
"311","4","5420","4971","22/9/2023","2","2.3","4.6","1/1/1 00:00:00",,"22/9/2023 14:53:48"
"312","2","4967","4971","22/9/2023","2","2.3","4.6","1/1/1 00:00:00",,"22/9/2023 14:54:05"
"313","5","5418","4971","22/9/2023","2","2.3","4.6","1/1/1 00:00:00",,"22/9/2023 14:54:57"
"314","5","2472","4971","22/9/2023","2","2.3","4.6","1/1/1 00:00:00",,"22/9/2023 14:55:15"
"315","2","1774","4971","22/9/2023","1","2.3","2.3","1/1/1 00:00:00",,"22/9/2023 14:55:48"
"316","5","5422","4629","23/9/2023","2","2.3","4.6","1/1/1 00:00:00",,"23/9/2023 08:40:26"
"317","5","4968","4629","23/9/2023","1","2.3","2.3","1/1/1 00:00:00",,"23/9/2023 08:40:47"
"318","2","4967","4629","23/9/2023","2","2.3","4.6","1/1/1 00:00:00",,"23/9/2023 09:08:10"
"319","5","4629","4629","23/9/2023","2","2.3","4.6","1/1/1 00:00:00",,"23/9/2023 09:59:15"
"320","5","5422","4971","25/9/2023","2","2.3","4.6","1/1/1 00:00:00",,"25/9/2023 08:27:09"
"321","2","4967","4971","25/9/2023","2","2.3","4.6","1/1/1 00:00:00",,"25/9/2023 08:38:17"
"322","1","5420","4971","25/9/2023","2","2.3","4.6","1/1/1 00:00:00",,"25/9/2023 08:38:34"
"323","5","4968","4971","25/9/2023","1","2.3","2.3","1/1/1 00:00:00",,"25/9/2023 14:08:13"
"324","5","5422","4971","25/9/2023","2","2.3","4.6","1/1/1 00:00:00",,"25/9/2023 15:59:37"
"325","5","5420","4971","26/9/2023","1","2.3","2.3","1/1/1 00:00:00",,"26/9/2023 15:57:33"
"326","5","4968","4971","26/9/2023","1","2.3","2.3","1/1/1 00:00:00",,"26/9/2023 15:57:50"
"327","2","4967","4971","26/9/2023","2","2.3","4.6","1/1/1 00:00:00",,"26/9/2023 15:58:04"
"328","5","4866","4971","26/9/2023","1","2.3","2.3","1/1/1 00:00:00",,"26/9/2023 15:58:19"
"329","5","4968","4629","28/9/2023","1","2.3","2.3","1/1/1 00:00:00",,"28/9/2023 10:02:42"
"330","2","1774","4629","28/9/2023","1","2.3","2.3","1/1/1 00:00:00",,"28/9/2023 10:02:56"
"331","2","4967","4629","28/9/2023","2","2.3","4.6","1/1/1 00:00:00",,"28/9/2023 10:03:24"
"332","5","5422","4629","28/9/2023","2","2.3","4.6","1/1/1 00:00:00",,"28/9/2023 10:04:34"
"333","2","1774","4629","28/9/2023","1","2.3","2.3","1/1/1 00:00:00",,"28/9/2023 17:17:32"
"334","2","5420","4629","28/9/2023","1","2.3","2.3","1/1/1 00:00:00",,"28/9/2023 17:17:44"
"335","5","4968","4629","28/9/2023","1","2.3","2.3","1/1/1 00:00:00",,"28/9/2023 17:18:12"
"336","5","5422","4629","29/9/2023","2","2.3","4.6","1/1/1 00:00:00",,"29/9/2023 08:55:17"
"337","5","5418","4629","29/9/2023","2","2.3","4.6","1/1/1 00:00:00",,"29/9/2023 10:29:53"
"338","2","4967","4629","29/9/2023","2","2.3","4.6","1/1/1 00:00:00",,"29/9/2023 10:30:06"
"339","5","5418","4629","30/9/2023","2","2.3","4.6","1/1/1 00:00:00",,"30/9/2023 08:16:33"
"340","5","5422","4629","30/9/2023","2","2.3","4.6","1/1/1 00:00:00",,"30/9/2023 08:16:49"
"341","5","4968","4629","30/9/2023","1","2.3","2.3","1/1/1 00:00:00",,"30/9/2023 10:05:13"
"342","5","5418","4629","2/10/2023","2","2.3","4.6","1/1/1 00:00:00",,"2/10/2023 08:29:49"
"343","2","4967","4629","2/10/2023","2","2.3","4.6","1/1/1 00:00:00",,"2/10/2023 08:52:35"
"344","2","5420","4629","2/10/2023","2","2.3","4.6","1/1/1 00:00:00",,"2/10/2023 08:52:55"
"345","5","4629","4629","2/10/2023","2","2.3","4.6","1/1/1 00:00:00",,"2/10/2023 15:53:48"
"346","5","5422","4629","2/10/2023","1","2.3","2.3","1/1/1 00:00:00",,"2/10/2023 15:54:02"
"347","5","4968","4971","3/10/2023","1","2.3","2.3","1/1/1 00:00:00",,"3/10/2023 16:37:43"
"348","5","5422","4971","3/10/2023","1","2.3","2.3","1/1/1 00:00:00",,"3/10/2023 16:38:01"
"349","2","4967","4971","3/10/2023","1","2.3","2.3","1/1/1 00:00:00",,"3/10/2023 16:38:19"
"350","5","5422","4629","4/10/2023","1","2.3","2.3","1/1/1 00:00:00",,"4/10/2023 08:32:41"
"351","2","4967","4629","4/10/2023","2","2.3","4.6","1/1/1 00:00:00",,"4/10/2023 08:38:23"
"352","2","5420","4629","4/10/2023","1","2.3","2.3","1/1/1 00:00:00",,"4/10/2023 09:00:40"
"353","5","5422","4629","5/10/2023","2","2.3","4.6","1/1/1 00:00:00",,"5/10/2023 08:31:50"
"354","5","4974","4629","5/10/2023","2","2.3","4.6","1/1/1 00:00:00",,"5/10/2023 08:37:41"
"355","2","5420","4629","5/10/2023","2","2.3","4.6","1/1/1 00:00:00",,"5/10/2023 09:21:29"
"356","2","4967","4629","5/10/2023","2","2.3","4.6","1/1/1 00:00:00",,"5/10/2023 09:21:42"
"357","5","5422","4629","6/10/2023","1","2.3","2.3","1/1/1 00:00:00",,"6/10/2023 08:35:40"
"358","5","4629","4629","6/10/2023","2","2.3","4.6","1/1/1 00:00:00",,"6/10/2023 10:59:22"
"359","5","5422","4629","6/10/2023","1","2.3","2.3","1/1/1 00:00:00",,"6/10/2023 10:59:36"
"360","2","4967","4629","7/10/2023","2","2.3","4.6","1/1/1 00:00:00",,"7/10/2023 08:34:30"
"361","2","4967","4629","9/10/2023","2","2.3","4.6","1/1/1 00:00:00",,"9/10/2023 08:54:30"
"362","5","5422","4971","9/10/2023","1","2.3","2.3","1/1/1 00:00:00",,"10/10/2023 08:18:08"
"363","5","5422","4629","10/10/2023","3","2.3","6.9","1/1/1 00:00:00",,"10/10/2023 08:31:51"
"364","2","5418","4629","10/10/2023","2","2.3","4.6","1/1/1 00:00:00",,"10/10/2023 08:32:06"
"365","5","4968","4971","10/10/2023","1","2.3","2.3","1/1/1 00:00:00",,"10/10/2023 15:22:24"
"366","5","2470","4971","10/10/2023","2","2.3","4.6","1/1/1 00:00:00",,"10/10/2023 15:36:33"
"367","4","2472","4971","10/10/2023","2","2.3","4.6","1/1/1 00:00:00",,"10/10/2023 16:43:50"
"368","5","5422","4971","11/10/2023","1","2.3","2.3","1/1/1 00:00:00",,"11/10/2023 09:14:03"
"369","5","5420","4971","11/10/2023","1","2.3","2.3","1/1/1 00:00:00",,"11/10/2023 09:14:18"
"370","2","4967","4971","11/10/2023","2","2.3","4.6","1/1/1 00:00:00",,"11/10/2023 09:14:33"
"371","5","5418","4971","11/10/2023","2","2.3","4.6","1/1/1 00:00:00",,"11/10/2023 09:29:43"
"372","5","4974","4971","11/10/2023","2","2.3","4.6","1/1/1 00:00:00",,"11/10/2023 10:00:29"
"373","5","4866","4971","11/10/2023","2","2.3","4.6","1/1/1 00:00:00",,"11/10/2023 10:00:47"
"374","2","4967","4971","11/10/2023","2","2.3","4.6","1/1/1 00:00:00",,"11/10/2023 16:51:26"
"375","2","1774","4971","11/10/2023","1","2.3","2.3","1/1/1 00:00:00",,"11/10/2023 16:51:39"
"376","5","4968","4971","11/10/2023","1","2.3","2.3","1/1/1 00:00:00",,"11/10/2023 16:53:16"
"377","5","5418","4971","13/10/2023","2","2.3","4.6","1/1/1 00:00:00",,"13/10/2023 08:42:22"
"378","5","5422","4971","13/10/2023","2","2.3","4.6","1/1/1 00:00:00",,"13/10/2023 08:42:36"
"379","5","4968","4971","13/10/2023","1","2.3","2.3","1/1/1 00:00:00",,"13/10/2023 08:42:57"
"380","2","1774","4971","13/10/2023","1","2.3","2.3","1/1/1 00:00:00",,"13/10/2023 09:20:41"
"381","1","4967","4971","13/10/2023","2","2.3","4.6","1/1/1 00:00:00",,"13/10/2023 15:57:01"
"382","5","2470","4971","13/10/2023","2","2.3","4.6","1/1/1 00:00:00",,"13/10/2023 16:28:21"
"383","5","5418","4971","13/10/2023","2","2.3","4.6","1/1/1 00:00:00",,"13/10/2023 16:28:33"
"384","2","1774","4629","16/10/2023","1","2.3","2.3","1/1/1 00:00:00",,"16/10/2023 09:31:00"
"385","2","5420","4629","16/10/2023","1","2.3","2.3","1/1/1 00:00:00",,"16/10/2023 09:31:20"
"386","5","4968","4629","16/10/2023","1","2.3","2.3","1/1/1 00:00:00",,"16/10/2023 09:31:36"
"387","2","4967","4629","16/10/2023","2","2.3","4.6","1/1/1 00:00:00",,"16/10/2023 09:31:48"
"388","5","4968","4971","16/10/2023","1","2.3","2.3","1/1/1 00:00:00",,"16/10/2023 17:30:02"
"389","5","5422","4971","16/10/2023","1","2.3","2.3","1/1/1 00:00:00",,"16/10/2023 17:30:25"
"390","5","5422","4971","17/10/2023","1","2.3","2.3","1/1/1 00:00:00",,"17/10/2023 11:26:28"
"391","2","1774","4971","17/10/2023","1","2.3","2.3","1/1/1 00:00:00",,"17/10/2023 11:26:44"
"392","5","5418","4971","17/10/2023","2","2.3","4.6","1/1/1 00:00:00",,"17/10/2023 16:10:19"
"393","5","5422","4971","18/10/2023","2","2.3","4.6","1/1/1 00:00:00",,"18/10/2023 08:32:20"
"394","5","4968","4971","18/10/2023","1","2.3","2.3","1/1/1 00:00:00",,"18/10/2023 09:42:56"
"395","5","2472","4971","18/10/2023","2","2.3","4.6","1/1/1 00:00:00",,"18/10/2023 16:58:22"
"396","2","4967","4971","19/10/2023","2","2.3","4.6","1/1/1 00:00:00",,"19/10/2023 16:06:06"
"397","2","5420","4971","19/10/2023","1","2.3","2.3","1/1/1 00:00:00",,"19/10/2023 16:06:23"
"398","2","1774","4971","19/10/2023","1","2.3","2.3","1/1/1 00:00:00",,"19/10/2023 16:32:01"
"399","2","4967","4629","23/10/2023","2","2.3","4.6","1/1/1 00:00:00",,"23/10/2023 08:48:49"
"400","2","5420","4629","23/10/2023","2","2.3","4.6","1/1/1 00:00:00",,"23/10/2023 08:49:42"
"401","2","4968","4629","23/10/2023","1","2.3","2.3","1/1/1 00:00:00",,"23/10/2023 08:49:57"
"402","5","5422","4629","23/10/2023","2","2.3","4.6","1/1/1 00:00:00",,"23/10/2023 10:10:17"
"403","5","5418","4629","23/10/2023","2","2.3","4.6","1/1/1 00:00:00",,"23/10/2023 10:19:39"
"404","5","5422","4629","23/10/2023","1","2.3","2.3","1/1/1 00:00:00",,"23/10/2023 16:44:29"
"405","5","5418","4629","24/10/2023","2","2.3","4.6","1/1/1 00:00:00",,"24/10/2023 08:21:07"
"406","5","4629","4629","24/10/2023","2","2.3","4.6","1/1/1 00:00:00",,"24/10/2023 15:13:46"
"407","5","5418","4629","25/10/2023","2","2.3","4.6","1/1/1 00:00:00",,"25/10/2023 08:27:29"
"408","5","4968","4629","25/10/2023","1","2.3","2.3","1/1/1 00:00:00",,"25/10/2023 10:03:33"
"409","2","4967","4971","25/10/2023","2","2.3","4.6","1/1/1 00:00:00",,"25/10/2023 15:47:41"
"410","2","1774","4971","25/10/2023","1","2.3","2.3","1/1/1 00:00:00",,"25/10/2023 15:49:01"
"411","5","4968","4971","25/10/2023","1","2.3","2.3","1/1/1 00:00:00",,"25/10/2023 15:49:29"
"412","2","4967","4629","27/10/2023","2","2.3","4.6","1/1/1 00:00:00",,"27/10/2023 09:13:02"
"413","2","2472","4629","27/10/2023","2","2.3","4.6","1/1/1 00:00:00",,"27/10/2023 09:13:17"
"414","5","5418","4629","27/10/2023","2","2.3","4.6","1/1/1 00:00:00",,"27/10/2023 13:37:41"
"415","5","5418","4629","28/10/2023","2","2.3","4.6","1/1/1 00:00:00",,"28/10/2023 08:27:47"
"416","4","2470","4629","28/10/2023","2","2.3","4.6","1/1/1 00:00:00",,"28/10/2023 08:28:17"
"417","5","5418","4629","1/11/2023","2","2.3","4.6","1/1/1 00:00:00",,"1/11/2023 08:25:25"
"418","2","5420","4629","1/11/2023","2","2.3","4.6","1/1/1 00:00:00",,"1/11/2023 08:25:43"
"419","5","4968","4629","1/11/2023","2","2.3","4.6","1/1/1 00:00:00",,"1/11/2023 08:26:00"
"420","2","1774","4629","1/11/2023","2","2.3","4.6","1/1/1 00:00:00",,"1/11/2023 08:26:18"
"421","2","4967","4629","1/11/2023","2","2.3","4.6","1/1/1 00:00:00",,"1/11/2023 08:26:32"
"422","5","4629","4629","1/11/2023","2","2.3","4.6","1/1/1 00:00:00",,"1/11/2023 08:26:46"
"423","5","4974","4629","1/11/2023","2","2.3","4.6","1/1/1 00:00:00",,"1/11/2023 08:27:09"
"424","5","5422","4629","1/11/2023","2","2.3","4.6","1/1/1 00:00:00",,"1/11/2023 08:27:24"
"425","2","1774","4629","1/11/2023","1","2.3","2.3","1/1/1 00:00:00",,"1/11/2023 13:54:36"
"426","5","4968","4971","1/11/2023","1","2.3","2.3","1/1/1 00:00:00",,"1/11/2023 17:30:44"
"427","2","4967","4629","1/11/2023","1","2.3","2.3","1/1/1 00:00:00",,"1/11/2023 17:40:59"
"428","4","1774","4629","3/11/2023","1","2.3","2.3","1/1/1 00:00:00",,"3/11/2023 08:07:28"
"429","5","5418","4629","3/11/2023","2","2.3","4.6","1/1/1 00:00:00",,"3/11/2023 08:25:14"
"430","4","4967","4629","3/11/2023","1","2.3","2.3","1/1/1 00:00:00",,"3/11/2023 08:55:53"
"431","4","5420","4629","3/11/2023","1","2.3","2.3","1/1/1 00:00:00",,"3/11/2023 08:56:07"
"432","5","5422","4971","4/11/2023","1","2.3","2.3","1/1/1 00:00:00",,"4/11/2023 09:33:31"
"433","5","5422","4971","3/11/2023","1","2.3","2.3","1/1/1 00:00:00",,"4/11/2023 09:33:48"
"434","5","5422","4971","7/11/2023","2","2.3","4.6","1/1/1 00:00:00",,"7/11/2023 08:29:15"
"435","4","1774","4629","7/11/2023","1","2.3","2.3","1/1/1 00:00:00",,"7/11/2023 16:34:28"
"436","4","4967","4629","7/11/2023","1","2.3","2.3","1/1/1 00:00:00",,"7/11/2023 16:34:42"
"437","4","5420","4629","7/11/2023","1","2.3","2.3","1/1/1 00:00:00",,"7/11/2023 16:34:57"
"438","4","4967","4629","8/11/2023","1","2.3","2.3","1/1/1 00:00:00",,"8/11/2023 08:29:08"
"439","4","5420","4629","8/11/2023","1","2.3","2.3","1/1/1 00:00:00",,"8/11/2023 08:29:28"
"440","4","1774","4629","9/11/2023","1","2.3","2.3","1/1/1 00:00:00",,"9/11/2023 13:37:12"
"441","4","4967","4629","9/11/2023","1","2.3","2.3","1/1/1 00:00:00",,"9/11/2023 13:37:27"
"442","5","5422","4971","9/11/2023","1","2.3","2.3","1/1/1 00:00:00",,"9/11/2023 16:58:45"
"443","5","4629","4629","9/11/2023","2","2.3","4.6","1/1/1 00:00:00",,"9/11/2023 17:11:56"
"444","5","5422","4971","10/11/2023","2","2.3","4.6","1/1/1 00:00:00",,"10/11/2023 17:07:03"
"445","2","4967","4629","11/11/2023","3","2.3","6.9","1/1/1 00:00:00",,"11/11/2023 09:18:43"
"446","2","5420","4629","11/11/2023","2","2.3","4.6","1/1/1 00:00:00",,"11/11/2023 09:19:01"
"447","5","5418","4629","13/11/2023","2","2.3","4.6","1/1/1 00:00:00",,"13/11/2023 08:21:26"
"448","5","4968","4629","13/11/2023","1","2.3","2.3","1/1/1 00:00:00",,"13/11/2023 08:31:21"
"449","2","4967","4629","13/11/2023","1","2.3","2.3","1/1/1 00:00:00",,"13/11/2023 09:51:16"
"450","2","1774","4971","14/11/2023","1","2.3","2.3","1/1/1 00:00:00",,"14/11/2023 09:29:12"
"451","2","5420","4971","14/11/2023","1","2.3","2.3","1/1/1 00:00:00",,"14/11/2023 09:29:37"
"452","1","4967","4971","14/11/2023","2","2.3","4.6","1/1/1 00:00:00",,"14/11/2023 09:29:53"
"453","5","5422","4971","13/11/2023","1","2.3","2.3","1/1/1 00:00:00",,"14/11/2023 09:30:40"
"454","2","4866","4971","14/11/2023","2","2.3","4.6","1/1/1 00:00:00",,"14/11/2023 10:50:03"
"455","2","4967","4971","22/11/2023","2","2.3","4.6","1/1/1 00:00:00",,"22/11/2023 11:39:18"
"456","2","1774","4971","22/11/2023","1","2.3","2.3","1/1/1 00:00:00",,"22/11/2023 11:39:32"
"457","1","2472","4971","22/11/2023","2","2.3","4.6","1/1/1 00:00:00",,"22/11/2023 11:39:49"
"458","5","5418","4629","22/11/2023","2","2.3","4.6","1/1/1 00:00:00",,"22/11/2023 15:37:23"
"459","4","2472","4629","22/11/2023","2","2.3","4.6","1/1/1 00:00:00",,"22/11/2023 15:38:14"
"460","5","4968","4629","23/11/2023","1","2.3","2.3","1/1/1 00:00:00",,"23/11/2023 09:24:16"
"461","5","4629","4629","23/11/2023","2","2.3","4.6","1/1/1 00:00:00",,"23/11/2023 09:46:09"
"462","2","1774","4629","24/11/2023","1","2.3","2.3","1/1/1 00:00:00",,"24/11/2023 09:36:14"
"463","2","5420","4629","24/11/2023","1","2.3","2.3","1/1/1 00:00:00",,"24/11/2023 09:36:26"
"464","2","4967","4629","24/11/2023","2","2.3","4.6","1/1/1 00:00:00",,"24/11/2023 09:36:39"
"465","5","4968","4629","24/11/2023","1","2.3","2.3","1/1/1 00:00:00",,"24/11/2023 09:36:52"
"466","5","4967","4629","24/11/2023","1","2.3","2.3","1/1/1 00:00:00",,"24/11/2023 15:30:59"
"467","2","1774","4629","25/11/2023","1","2.3","2.3","1/1/1 00:00:00",,"25/11/2023 09:16:01"
"468","2","5420","4629","25/11/2023","1","2.3","2.3","1/1/1 00:00:00",,"25/11/2023 09:16:19"
"469","4","2472","4629","25/11/2023","2","2.3","4.6","1/1/1 00:00:00",,"25/11/2023 09:34:54"
"470","5","5422","4629","25/11/2023","2","2.3","4.6","1/1/1 00:00:00",,"25/11/2023 10:03:03"
"471","5","5418","4629","25/11/2023","2","2.3","4.6","1/1/1 00:00:00",,"25/11/2023 10:03:52"
"472","2","5420","4629","27/11/2023","2","2.3","4.6","1/1/1 00:00:00",,"27/11/2023 10:40:26"
"473","2","1774","4629","28/11/2023","1","2.3","2.3","1/1/1 00:00:00",,"28/11/2023 09:06:34"
"474","2","4967","4629","28/11/2023","1","2.3","2.3","1/1/1 00:00:00",,"28/11/2023 09:06:45"
"475","5","4968","4629","28/11/2023","1","2.3","2.3","1/1/1 00:00:00",,"28/11/2023 09:06:56"
"476","2","4967","4971","29/11/2023","2","2.3","4.6","1/1/1 00:00:00",,"29/11/2023 16:42:06"
"477","5","5422","4971","29/11/2023","2","2.3","4.6","1/1/1 00:00:00",,"29/11/2023 16:42:19"
"478","5","5422","4629","30/11/2023","2","2.3","4.6","1/1/1 00:00:00",,"30/11/2023 10:14:48"
"479","5","4968","4629","1/12/2023","1","2.3","2.3","1/1/1 00:00:00",,"1/12/2023 09:22:16"
"480","2","1774","4629","1/12/2023","1","2.3","2.3","1/1/1 00:00:00",,"1/12/2023 09:22:30"
"481","2","4967","4629","1/12/2023","1","2.3","2.3","1/1/1 00:00:00",,"1/12/2023 09:22:42"
"482","2","4967","4629","1/12/2023","1","2.3","2.3","1/1/1 00:00:00",,"1/12/2023 15:44:33"
"483","2","1774","4629","1/12/2023","1","2.3","2.3","1/1/1 00:00:00",,"1/12/2023 15:44:47"
"484","5","4968","4629","1/12/2023","1","2.3","2.3","1/1/1 00:00:00",,"1/12/2023 15:45:03"
"485","4","5759","4629","1/12/2023","2","2.3","4.6","1/1/1 00:00:00",,"1/12/2023 16:09:03"
"486","5","5422","4629","2/12/2023","2","2.3","4.6","1/1/1 00:00:00",,"2/12/2023 09:31:50"
"487","5","4629","4629","2/12/2023","2","2.3","4.6","1/1/1 00:00:00",,"2/12/2023 10:05:56"
"488","5","4968","4629","2/12/2023","1","2.3","2.3","1/1/1 00:00:00",,"2/12/2023 10:22:34"
"489","4","1774","4629","4/12/2023","1","2.3","2.3","1/1/1 00:00:00",,"4/12/2023 09:03:48"
"490","2","5420","4629","4/12/2023","1","2.3","2.3","1/1/1 00:00:00",,"4/12/2023 09:04:03"
"491","5","4968","4629","4/12/2023","1","2.3","2.3","1/1/1 00:00:00",,"4/12/2023 09:04:18"
"492","5","5422","4629","4/12/2023","1","2.3","2.3","1/1/1 00:00:00",,"4/12/2023 10:58:40"
"493","5","4974","4629","5/12/2023","2","2.3","4.6","1/1/1 00:00:00",,"5/12/2023 08:43:28"
"494","4","2472","4629","5/12/2023","2","2.3","4.6","1/1/1 00:00:00",,"5/12/2023 08:43:40"
"495","4","4866","4629","5/12/2023","2","2.3","4.6","1/1/1 00:00:00",,"5/12/2023 08:43:50"
"496","2","4967","4629","5/12/2023","1","2.3","2.3","1/1/1 00:00:00",,"5/12/2023 09:24:40"
"497","5","4968","4629","5/12/2023","1","2.3","2.3","1/1/1 00:00:00",,"5/12/2023 09:28:42"
"498","5","5422","4629","5/12/2023","2","2.3","4.6","1/1/1 00:00:00",,"5/12/2023 09:53:43"
"499","2","1774","4629","6/12/2023","1","2.3","2.3","1/1/1 00:00:00",,"7/12/2023 09:25:29"
"500","5","5422","4629","6/12/2023","2","2.3","4.6","1/1/1 00:00:00",,"7/12/2023 09:25:44"
"501","2","5420","4629","7/12/2023","1","2.3","2.3","1/1/1 00:00:00",,"7/12/2023 09:26:00"
"502","2","4967","4629","7/12/2023","1","2.3","2.3","1/1/1 00:00:00",,"7/12/2023 09:26:14"
"503","5","5422","4629","8/12/2023","1","2.3","2.3","1/1/1 00:00:00",,"8/12/2023 08:26:30"
"504","5","5422","4629","8/12/2023","2","2.3","4.6","1/1/1 00:00:00",,"8/12/2023 18:00:31"
"505","2","4967","4629","9/12/2023","1","2.3","2.3","1/1/1 00:00:00",,"9/12/2023 08:35:44"
"506","5","4968","4629","9/12/2023","1","2.3","2.3","1/1/1 00:00:00",,"9/12/2023 08:36:11"
"507","5","5422","4629","9/12/2023","1","2.3","2.3","1/1/1 00:00:00",,"9/12/2023 10:52:23"
"508","2","5420","4629","11/12/2023","2","2.3","4.6","1/1/1 00:00:00",,"11/12/2023 09:37:54"
"509","5","5422","4629","11/12/2023","2","2.3","4.6","1/1/1 00:00:00",,"11/12/2023 10:36:53"
"510","4","4967","4629","11/12/2023","1","2.3","2.3","1/1/1 00:00:00",,"11/12/2023 14:56:34"
"511","5","4968","4629","11/12/2023","1","2.3","2.3","1/1/1 00:00:00",,"11/12/2023 14:56:48"
"512","4","1774","4629","12/12/2023","1","2.3","2.3","1/1/1 00:00:00",,"12/12/2023 16:41:59"
"513","5","5418","4629","13/12/2023","2","2.3","4.6","1/1/1 00:00:00",,"13/12/2023 08:46:58"
"514","2","1774","4971","13/12/2023","2","2.3","4.6","1/1/1 00:00:00",,"13/12/2023 10:40:42"
"515","5","5422","4971","13/12/2023","2","2.3","4.6","1/1/1 00:00:00",,"13/12/2023 10:41:01"
"516","4","4967","4629","14/12/2023","1","2.3","2.3","1/1/1 00:00:00",,"14/12/2023 08:42:04"
"517","5","4968","4629","14/12/2023","1","2.3","2.3","1/1/1 00:00:00",,"14/12/2023 08:42:17"
"518","4","4974","4629","14/12/2023","2","2.3","4.6","1/1/1 00:00:00",,"14/12/2023 08:58:27"
"519","4","2472","4629","14/12/2023","2","2.3","4.6","1/1/1 00:00:00",,"14/12/2023 16:26:15"
"520","5","4629","4629","14/12/2023","2","2.3","4.6","1/1/1 00:00:00",,"14/12/2023 16:26:27"
"521","5","5418","4971","14/12/2023","2","2.3","4.6","1/1/1 00:00:00",,"15/12/2023 15:47:13"
"522","2","4967","4971","15/12/2023","1","2.3","2.3","15/12/2023 15:49:39",,"15/12/2023 15:49:39"
"523","5","5418","4971","15/12/2023","2","2.3","4.6","1/1/1 00:00:00",,"15/12/2023 16:36:32"
"524","5","5422","4629","15/12/2023","2","2.3","4.6","1/1/1 00:00:00",,"16/12/2023 08:06:52"
"525","4","2472","4629","16/12/2023","2","2.3","4.6","1/1/1 00:00:00",,"16/12/2023 08:07:06"
"526","5","4968","4629","16/12/2023","1","2.3","2.3","1/1/1 00:00:00",,"16/12/2023 08:07:22"
"527","5","5418","4629","16/12/2023","2","2.3","4.6","1/1/1 00:00:00",,"16/12/2023 08:07:36"
"528","4","1774","4629","16/12/2023","1","2.3","2.3","1/1/1 00:00:00",,"16/12/2023 09:14:24"
"529","2","5420","4629","16/12/2023","1","2.3","2.3","1/1/1 00:00:00",,"16/12/2023 09:14:52"
"530","5","5418","4629","18/12/2023","2","2.3","4.6","1/1/1 00:00:00",,"18/12/2023 15:35:08"
"531","4","4967","4629","18/12/2023","1","2.3","2.3","1/1/1 00:00:00",,"18/12/2023 15:44:59"
"532","5","2470","4629","18/12/2023","2","2.3","4.6","1/1/1 00:00:00",,"18/12/2023 16:38:09"
"533","5","5422","4629","19/12/2023","2","2.3","4.6","1/1/1 00:00:00",,"19/12/2023 10:32:12"
"534","4","4967","4629","19/12/2023","1","2.3","2.3","1/1/1 00:00:00",,"19/12/2023 11:00:20"
"535","5","4968","4629","20/12/2023","1","2.3","2.3","1/1/1 00:00:00",,"20/12/2023 09:07:15"
"536","4","4967","4629","20/12/2023","1","2.3","2.3","1/1/1 00:00:00",,"20/12/2023 09:07:29"
"537","4","5420","4629","20/12/2023","1","2.3","2.3","1/1/1 00:00:00",,"20/12/2023 09:07:41"
"538","4","2472","4629","20/12/2023","2","2.3","4.6","1/1/1 00:00:00",,"20/12/2023 09:50:44"
"539","5","5422","4629","20/12/2023","2","2.3","4.6","1/1/1 00:00:00",,"20/12/2023 10:43:35"
"540","5","5418","4629","21/12/2023","2","2.3","4.6","1/1/1 00:00:00",,"21/12/2023 08:29:06"
"541","5","5422","4629","21/12/2023","2","2.3","4.6","1/1/1 00:00:00",,"21/12/2023 13:41:59"
"542","5","4629","4629","22/12/2023","2","2.3","4.6","1/1/1 00:00:00",,"22/12/2023 09:43:33"
"543","5","4968","4629","22/12/2023","1","2.3","2.3","1/1/1 00:00:00",,"22/12/2023 10:57:46"
"544","5","5422","4629","22/12/2023","2","2.3","4.6","1/1/1 00:00:00",,"22/12/2023 10:57:59"
"545","4","2472","4629","22/12/2023","2","2.3","4.6","1/1/1 00:00:00",,"22/12/2023 16:05:00"
"546","2","4967","4629","22/12/2023","1","2.3","2.3","1/1/1 00:00:00",,"22/12/2023 16:05:16"
"547","5","4968","4629","22/12/2023","1","2.3","2.3","1/1/1 00:00:00",,"22/12/2023 16:05:30"
"548","5","5418","4629","22/12/2023","2","2.3","4.6","1/1/1 00:00:00",,"22/12/2023 16:34:43"
"549","5","5422","4629","26/12/2023","2","2.3","4.6","1/1/1 00:00:00",,"26/12/2023 17:19:30"
"550","5","5418","4629","26/12/2023","2","2.3","4.6","1/1/1 00:00:00",,"26/12/2023 17:19:44"
"551","4","4967","4629","26/12/2023","1","2.3","2.3","1/1/1 00:00:00",,"26/12/2023 17:19:55"
"552","4","4866","4629","29/12/2023","2","2.3","4.6","1/1/1 00:00:00",,"29/12/2023 09:06:25"
"553","5","4974","4629","29/12/2023","2","2.3","4.6","1/1/1 00:00:00",,"29/12/2023 09:06:39"
"554","5","5420","4971","29/12/2023","1","2.3","2.3","1/1/1 00:00:00",,"29/12/2023 10:28:55"
"555","2","4967","4971","29/12/2023","2","2.3","4.6","1/1/1 00:00:00",,"29/12/2023 10:29:08"
"556","5","4968","4971","29/12/2023","2","2.3","4.6","1/1/1 00:00:00",,"29/12/2023 10:29:21"
"557","4","2472","4629","29/12/2023","2","2.3","4.6","1/1/1 00:00:00",,"29/12/2023 10:41:54"
"558","5","5418","4629","29/12/2023","2","2.3","4.6","1/1/1 00:00:00",,"29/12/2023 14:48:38"
"559","1","5420","4971","2/1/2024","1","2.3","2.3","1/1/1 00:00:00",,"3/1/2024 16:44:42"
"560","5","4968","4971","2/1/2024","1","2.3","2.3","1/1/1 00:00:00",,"3/1/2024 16:45:04"
"561","2","1774","4971","3/1/2024","1","2.3","2.3","1/1/1 00:00:00",,"3/1/2024 16:45:20"
"562","5","4968","4971","4/1/2024","1","2.3","2.3","1/1/1 00:00:00",,"5/1/2024 09:20:41"
"563","4","5418","4971","4/1/2024","2","2.3","4.6","1/1/1 00:00:00",,"5/1/2024 09:21:00"
"564","2","4967","4971","5/1/2024","2","2.3","4.6","1/1/1 00:00:00",,"5/1/2024 09:21:15"
"565","2","1774","4971","5/1/2024","2","2.3","4.6","1/1/1 00:00:00",,"5/1/2024 15:46:51"
"566","2","1774","4971","8/1/2024","1","2.3","2.3","1/1/1 00:00:00",,"8/1/2024 09:28:14"
"567","2","4967","4971","8/1/2024","1","2.3","2.3","1/1/1 00:00:00",,"8/1/2024 09:28:29"
"568","5","4968","4971","8/1/2024","1","2.3","2.3","1/1/1 00:00:00",,"8/1/2024 09:28:42"
"569","1","5418","4971","8/1/2024","2","2.3","4.6","1/1/1 00:00:00",,"8/1/2024 11:02:45"
"570","5","5422","4971","8/1/2024","2","2.3","4.6","1/1/1 00:00:00",,"8/1/2024 16:27:42"
"571","5","4968","4971","9/1/2024","1","2.3","2.3","1/1/1 00:00:00",,"9/1/2024 14:19:36"
"572","5","5422","4971","9/1/2024","2","2.3","4.6","1/1/1 00:00:00",,"9/1/2024 17:49:23"
"573","2","4967","4971","10/1/2024","2","2.3","4.6","1/1/1 00:00:00",,"10/1/2024 10:33:36"
"574","4","4866","4971","10/1/2024","2","2.3","4.6","1/1/1 00:00:00",,"10/1/2024 10:33:57"
"575","4","4974","4971","10/1/2024","2","2.3","4.6","1/1/1 00:00:00",,"10/1/2024 10:34:18"
"576","5","5422","4971","10/1/2024","2","2.3","4.6","1/1/1 00:00:00",,"11/1/2024 08:36:07"
"577","2","4967","4971","11/1/2024","1","2.3","2.3","1/1/1 00:00:00",,"11/1/2024 09:40:43"
"578","2","1774","4971","11/1/2024","1","2.3","2.3","1/1/1 00:00:00",,"11/1/2024 16:48:59"
"579","2","4967","4971","12/1/2024","1","2.3","2.3","1/1/1 00:00:00",,"12/1/2024 10:29:26"
"580","5","5422","4971","12/1/2024","2","2.3","4.6","1/1/1 00:00:00",,"12/1/2024 10:29:42"
"581","5","4968","4971","13/1/2024","1","2.3","2.3","1/1/1 00:00:00",,"13/1/2024 10:43:15"
"582","2","4967","4971","15/1/2024","1","2.3","2.3","1/1/1 00:00:00",,"15/1/2024 08:38:12"
"583","5","4968","4971","16/1/2024","1","2.3","2.3","1/1/1 00:00:00",,"16/1/2024 08:42:56"
"584","1","5420","4971","18/1/2024","1","2.3","2.3","1/1/1 00:00:00",,"18/1/2024 10:33:12"
"585","5","4968","4971","18/1/2024","1","2.3","2.3","1/1/1 00:00:00",,"18/1/2024 10:33:25"
"586","5","5422","4971","18/1/2024","2","2.3","4.6","1/1/1 00:00:00",,"18/1/2024 15:00:49"
"587","2","2470","4971","19/1/2024","2","2.3","4.6","1/1/1 00:00:00",,"19/1/2024 10:14:27"
"588","5","5418","4971","19/1/2024","2","2.3","4.6","1/1/1 00:00:00",,"19/1/2024 10:14:57"
"589","2","4967","4971","20/1/2024","1","2.3","2.3","1/1/1 00:00:00",,"20/1/2024 09:30:39"
"590","2","1774","4971","20/1/2024","1","2.3","2.3","1/1/1 00:00:00",,"20/1/2024 09:30:55"
"591","5","5422","4629","20/1/2024","2","2.3","4.6","1/1/1 00:00:00",,"20/1/2024 10:33:53"
"592","2","5420","4971","22/1/2024","1","2.3","2.3","1/1/1 00:00:00",,"22/1/2024 11:51:19"
"593","5","5921","4971","22/1/2024","1","2.3","2.3","1/1/1 00:00:00",,"22/1/2024 11:51:40"
"594","5","4629","4629","22/1/2024","2","2.3","4.6","1/1/1 00:00:00",,"22/1/2024 16:12:10"
"595","2","4967","4971","22/1/2024","1","2.3","2.3","1/1/1 00:00:00",,"22/1/2024 16:43:37"
"596","4","1774","4629","24/1/2024","1","2.3","2.3","1/1/1 00:00:00",,"24/1/2024 08:54:27"
"597","4","4967","4629","24/1/2024","1","2.3","2.3","1/1/1 00:00:00",,"24/1/2024 08:54:38"
"598","4","4968","4629","24/1/2024","1","2.3","2.3","1/1/1 00:00:00",,"24/1/2024 08:54:51"
"599","4","4967","4971","26/1/2024","1","2.3","2.3","1/1/1 00:00:00",,"26/1/2024 09:03:29"
"600","4","2472","4629","24/1/2024","2","2.3","4.6","1/1/1 00:00:00",,"26/1/2024 09:03:35"
"601","1","5420","4971","26/1/2024","1","2.3","2.3","1/1/1 00:00:00",,"26/1/2024 09:03:46"
"602","4","2472","4629","25/1/2024","2","2.3","4.6","1/1/1 00:00:00",,"26/1/2024 09:03:49"
"603","4","5759","4629","26/1/2024","2","2.3","4.6","1/1/1 00:00:00",,"26/1/2024 10:15:38"
"604","2","1774","4971","26/1/2024","1","2.3","2.3","1/1/1 00:00:00",,"26/1/2024 14:03:07"
"605","5","5422","4629","27/1/2024","2","2.3","4.6","1/1/1 00:00:00",,"27/1/2024 10:57:22"
"606","5","5422","4629","29/1/2024","2","2.3","4.6","1/1/1 00:00:00",,"29/1/2024 09:44:26"
"607","5","4968","4971","29/1/2024","1","2.3","2.3","1/1/1 00:00:00",,"29/1/2024 15:01:31"
"608","2","4967","4971","29/1/2024","1","2.3","2.3","1/1/1 00:00:00",,"29/1/2024 16:26:03"
"609","4","5921","4629","30/1/2024","1","2.3","2.3","1/1/1 00:00:00",,"30/1/2024 08:36:30"
"610","5","4968","4629","30/1/2024","1","2.3","2.3","1/1/1 00:00:00",,"30/1/2024 08:36:41"
"611","4","4967","4629","30/1/2024","1","2.3","2.3","1/1/1 00:00:00",,"30/1/2024 08:36:52"
"612","5","4974","4629","30/1/2024","2","2.3","4.6","1/1/1 00:00:00",,"30/1/2024 16:26:14"
"613","4","4866","4629","30/1/2024","2","2.3","4.6","1/1/1 00:00:00",,"30/1/2024 16:26:28"
"614","4","5759","4629","30/1/2024","2","2.3","4.6","1/1/1 00:00:00",,"30/1/2024 16:26:48"
"615","5","4968","4971","31/1/2024","1","2.3","2.3","1/1/1 00:00:00",,"31/1/2024 10:44:55"
"616","4","4967","4629","1/2/2024","1","2.3","2.3","1/1/1 00:00:00",,"1/2/2024 09:00:39"
"617","4","1774","4629","5/2/2024","1","2.3","2.3","1/1/1 00:00:00",,"5/2/2024 08:45:44"
"618","2","4967","4629","5/2/2024","1","2.3","2.3","1/1/1 00:00:00",,"5/2/2024 08:45:57"
"619","2","5420","4629","5/2/2024","1","2.3","2.3","1/1/1 00:00:00",,"5/2/2024 08:46:16"
"620","5","4968","4629","5/2/2024","1","2.3","2.3","1/1/1 00:00:00",,"5/2/2024 08:49:06"
"621","4","4967","4629","7/2/2024","1","2.3","2.3","1/1/1 00:00:00",,"7/2/2024 08:52:42"
"622","4","2472","4629","7/2/2024","2","2.3","4.6","1/1/1 00:00:00",,"7/2/2024 16:27:48"
"623","5","5422","4629","8/2/2024","2","2.3","4.6","1/1/1 00:00:00",,"8/2/2024 10:53:17"
"624","4","4967","4629","9/2/2024","1","2.3","2.3","1/1/1 00:00:00",,"9/2/2024 08:24:48"
"625","4","1774","4629","9/2/2024","1","2.3","2.3","1/1/1 00:00:00",,"9/2/2024 08:25:08"
"626","5","4968","4629","9/2/2024","1","2.3","2.3","1/1/1 00:00:00",,"9/2/2024 08:25:27"
"627","4","5921","4629","9/2/2024","1","2.3","2.3","1/1/1 00:00:00",,"9/2/2024 08:25:42"
"628","4","4967","4629","10/2/2024","1","2.3","2.3","1/1/1 00:00:00",,"10/2/2024 08:41:24"
"629","5","4968","4629","10/2/2024","1","2.3","2.3","1/1/1 00:00:00",,"10/2/2024 08:41:37"
"630","5","5422","4629","12/2/2024","2","2.3","4.6","1/1/1 00:00:00",,"12/2/2024 10:45:31"
"631","5","4629","4629","12/2/2024","2","2.3","4.6","1/1/1 00:00:00",,"12/2/2024 10:45:45"
"632","4","5759","4629","12/2/2024","2","2.3","4.6","1/1/1 00:00:00",,"12/2/2024 16:30:44"
"633","5","4968","4629","14/2/2024","2","2.3","4.6","1/1/1 00:00:00",,"14/2/2024 16:18:04"
"634","4","5921","4629","14/2/2024","1","2.3","2.3","1/1/1 00:00:00",,"14/2/2024 16:18:16"
"635","4","5420","4629","14/2/2024","1","2.3","2.3","1/1/1 00:00:00",,"14/2/2024 16:18:35"
"636","4","5422","4971","15/2/2024","2","2.3","4.6","1/1/1 00:00:00",,"15/2/2024 09:54:37"
"637","4","4968","4629","15/2/2024","1","2.3","2.3","1/1/1 00:00:00",,"15/2/2024 15:17:30"
"638","5","4968","4629","15/2/2024","1","2.3","2.3","1/1/1 00:00:00",,"15/2/2024 15:17:45"
"639","5","5422","4629","16/2/2024","2","2.3","4.6","1/1/1 00:00:00",,"16/2/2024 08:35:33"
"640","2","4967","4629","16/2/2024","1","2.3","2.3","1/1/1 00:00:00",,"16/2/2024 08:47:14"
"641","5","4968","4629","16/2/2024","1","2.3","2.3","1/1/1 00:00:00",,"16/2/2024 08:47:26"
"642","2","5921","4629","16/2/2024","1","2.3","2.3","1/1/1 00:00:00",,"16/2/2024 15:01:19"
"643","4","1774","4629","16/2/2024","1","2.3","2.3","1/1/1 00:00:00",,"16/2/2024 15:01:33"
"644","2","5420","4629","16/2/2024","1","2.3","2.3","1/1/1 00:00:00",,"16/2/2024 15:01:48"
"645","4","5422","4629","16/2/2024","2","2.3","4.6","1/1/1 00:00:00",,"16/2/2024 15:40:47"
"646","4","2472","4629","16/2/2024","2","2.3","4.6","1/1/1 00:00:00",,"16/2/2024 17:27:58"
"647","4","5759","4629","17/2/2024","2","2.3","4.6","1/1/1 00:00:00",,"17/2/2024 10:30:30"
"648","4","4967","4629","17/2/2024","1","2.3","2.3","1/1/1 00:00:00",,"17/2/2024 10:30:44"
"649","2","4866","4971","20/2/2024","2","2.3","4.6","1/1/1 00:00:00",,"20/2/2024 10:44:50"
"650","2","4967","4971","20/2/2024","1","2.3","2.3","1/1/1 00:00:00",,"20/2/2024 10:45:41"
"651","2","4967","4971","22/2/2024","1","2.3","2.3","1/1/1 00:00:00",,"22/2/2024 11:39:30"
"652","5","5422","4971","22/2/2024","2","2.3","4.6","1/1/1 00:00:00",,"22/2/2024 11:39:51"
"653","5","4968","4971","22/2/2024","1","2.3","2.3","1/1/1 00:00:00",,"22/2/2024 16:03:14"
"654","2","4967","4971","23/2/2024","1","2.3","2.3","1/1/1 00:00:00",,"23/2/2024 10:48:56"
"655","5","4968","4971","23/2/2024","1","2.3","2.3","1/1/1 00:00:00",,"23/2/2024 10:49:14"
"656","2","5420","4971","23/2/2024","1","2.3","2.3","1/1/1 00:00:00",,"23/2/2024 10:49:35"
"657","4","4967","4629","19/2/2024","2","2.3","4.6","1/1/1 00:00:00",,"24/2/2024 08:44:30"
"658","4","4967","4629","24/2/2024","1","2.3","2.3","1/1/1 00:00:00",,"24/2/2024 08:44:46"
"659","2","1774","4629","24/2/2024","1","2.3","2.3","1/1/1 00:00:00",,"24/2/2024 08:45:02"
"660","5","5422","4629","24/2/2024","2","2.3","4.6","1/1/1 00:00:00",,"24/2/2024 08:47:38"
"661","5","4968","4971","26/2/2024","1","2.3","2.3","1/1/1 00:00:00",,"26/2/2024 15:37:03"
"662","2","4967","4971","26/2/2024","1","2.3","2.3","1/1/1 00:00:00",,"26/2/2024 15:37:19"
"663","4","5922","4629","27/2/2024","1","2.3","2.3","1/1/1 00:00:00",,"27/2/2024 08:49:33"
"664","2","5922","4629","27/2/2024","1","2.3","2.3","1/1/1 00:00:00",,"27/2/2024 08:49:47"
"665","5","5922","4629","27/2/2024","1","2.3","2.3","1/1/1 00:00:00",,"27/2/2024 08:49:59"
"666","1","5922","4629","27/2/2024","1","2.3","2.3","1/1/1 00:00:00",,"27/2/2024 08:50:37"
"667","2","1774","4971","27/2/2024","1","2.3","2.3","1/1/1 00:00:00",,"27/2/2024 09:42:35"
"668","4","5420","4971","27/2/2024","1","2.3","2.3","1/1/1 00:00:00",,"27/2/2024 15:11:56"
"669","2","4967","4971","28/2/2024","1","2.3","2.3","1/1/1 00:00:00",,"28/2/2024 08:30:18"
"670","2","5420","4971","28/2/2024","1","2.3","2.3","1/1/1 00:00:00",,"28/2/2024 08:30:32"
"671","5","4968","4971","28/2/2024","1","2.3","2.3","1/1/1 00:00:00",,"28/2/2024 08:30:47"
"672","1","5921","4971","28/2/2024","1","2.3","2.3","1/1/1 00:00:00",,"28/2/2024 08:31:02"
"673","2","4967","4971","29/2/2024","1","2.3","2.3","1/1/1 00:00:00",,"29/2/2024 10:18:22"
"674","2","4967","4971","1/3/2024","1","2.3","2.3","1/1/1 00:00:00",,"1/3/2024 09:14:11"
"675","5","4968","4971","1/3/2024","1","2.3","2.3","1/1/1 00:00:00",,"1/3/2024 09:14:31"
"676","5","4968","4971","2/3/2024","1","2.3","2.3","1/1/1 00:00:00",,"2/3/2024 10:09:23"
"677","5","4968","4971","4/3/2024","1","2.3","2.3","1/1/1 00:00:00",,"4/3/2024 10:39:02"
"678","2","4967","4971","4/3/2024","1","2.3","2.3","1/1/1 00:00:00",,"4/3/2024 15:40:44"
"679","4","5420","4971","4/3/2024","1","2.3","2.3","1/1/1 00:00:00",,"4/3/2024 15:40:59"
"680","4","5921","4971","4/3/2024","1","2.3","2.3","1/1/1 00:00:00",,"4/3/2024 15:41:11"
"681","4","1774","4629","4/3/2024","2","2.3","4.6","1/1/1 00:00:00",,"4/3/2024 15:43:36"
"682","2","4967","4971","5/3/2024","1","2.3","2.3","1/1/1 00:00:00",,"5/3/2024 15:52:57"
"683","2","1774","4971","5/3/2024","1","2.3","2.3","1/1/1 00:00:00",,"5/3/2024 15:53:19"
"684","5","4968","4971","5/3/2024","1","2.3","2.3","1/1/1 00:00:00",,"5/3/2024 15:53:35"
"685","2","1774","4971","6/3/2024","1","2.3","2.3","1/1/1 00:00:00",,"6/3/2024 09:50:45"
"686","2","4967","4971","6/3/2024","1","2.3","2.3","1/1/1 00:00:00",,"6/3/2024 09:51:01"
"687","5","4968","4971","6/3/2024","1","2.3","2.3","1/1/1 00:00:00",,"6/3/2024 09:51:16"
"688","4","5922","4629","7/3/2024","1","2.3","2.3","1/1/1 00:00:00",,"7/3/2024 08:15:01"
"689","2","1774","4971","7/3/2024","1","2.3","2.3","1/1/1 00:00:00",,"7/3/2024 14:00:00"
"690","4","5422","4971","8/3/2024","2","2.3","4.6","1/1/1 00:00:00",,"8/3/2024 14:18:42"
"691","2","1774","4971","21/3/2024","1","2.3","2.3","1/1/1 00:00:00",,"21/3/2024 14:26:10"
"692","2","4967","4971","21/3/2024","1","2.3","2.3","1/1/1 00:00:00",,"21/3/2024 14:26:27"
"693","2","5922","4971","21/3/2024","1","2.3","2.3","1/1/1 00:00:00",,"21/3/2024 15:40:04"
"694","2","5422","4971","21/3/2024","2","2.3","4.6","1/1/1 00:00:00",,"21/3/2024 15:40:21"
"695","2","4967","4971","22/3/2024","2","2.3","4.6","1/1/1 00:00:00",,"22/3/2024 09:47:15"
"696","5","5422","4971","22/3/2024","2","2.3","4.6","1/1/1 00:00:00",,"22/3/2024 09:47:32"
"697","5","4968","4971","22/3/2024","1","2.3","2.3","1/1/1 00:00:00",,"22/3/2024 09:47:45"
"698","4","5922","4629","22/3/2024","1","2.3","2.3","1/1/1 00:00:00",,"22/3/2024 14:11:32"
"699","5","5422","4971","23/3/2024","2","2.3","4.6","1/1/1 00:00:00",,"23/3/2024 09:52:27"
"700","4","5418","4971","22/3/2024","4","2.3","9.2","1/1/1 00:00:00",,"23/3/2024 09:52:44"
"701","5","5422","4971","25/3/2024","2","2.3","4.6","1/1/1 00:00:00",,"25/3/2024 15:15:44"
"702","4","5922","4629","25/3/2024","2","2.3","4.6","1/1/1 00:00:00",,"25/3/2024 15:42:39"
"703","2","4967","4971","26/3/2024","1","2.3","2.3","1/1/1 00:00:00",,"26/3/2024 09:31:30"
"704","5","4968","4971","26/3/2024","1","2.3","2.3","1/1/1 00:00:00",,"26/3/2024 09:31:43"
"705","5","5418","4971","26/3/2024","2","2.3","4.6","1/1/1 00:00:00",,"26/3/2024 09:31:59"
"706","2","4967","4971","27/3/2024","1","2.3","2.3","1/1/1 00:00:00",,"27/3/2024 14:33:47"
"707","5","4968","4971","27/3/2024","1","2.3","2.3","1/1/1 00:00:00",,"27/3/2024 14:34:11"
"708","1","4866","4971","28/3/2024","2","2.3","4.6","1/1/1 00:00:00",,"28/3/2024 09:48:26"
"709","1","4974","4971","28/3/2024","2","2.3","4.6","1/1/1 00:00:00",,"28/3/2024 09:48:48"
"710","5","5422","4971","28/3/2024","2","2.3","4.6","1/1/1 00:00:00",,"28/3/2024 09:49:01"
"711","4","5418","4971","28/3/2024","2","2.3","4.6","1/1/1 00:00:00",,"28/3/2024 15:14:07"
"712","5","5422","4971","28/3/2024","2","2.3","4.6","1/1/1 00:00:00",,"28/3/2024 16:53:57"
"713","5","4968","4971","1/4/2024","1","2.3","2.3","1/1/1 00:00:00",,"1/4/2024 13:36:04"
"714","2","5921","4971","1/4/2024","1","2.3","2.3","1/1/1 00:00:00",,"1/4/2024 13:36:21"
"715","1","5922","4971","1/4/2024","1","2.3","2.3","1/1/1 00:00:00",,"1/4/2024 13:36:39"
"716","5","5923","4971","2/4/2024","2","2.3","4.6","1/1/1 00:00:00",,"2/4/2024 10:34:29"
"717","5","2472","4971","2/4/2024","2","2.3","4.6","1/1/1 00:00:00",,"2/4/2024 10:34:51"
"718","5","5418","4971","2/4/2024","2","2.3","4.6","1/1/1 00:00:00",,"2/4/2024 10:35:07"
"719","5","5759","4971","2/4/2024","2","2.3","4.6","1/1/1 00:00:00",,"2/4/2024 10:35:21"
"720","5","5418","4971","3/4/2024","2","2.3","4.6","1/1/1 00:00:00",,"3/4/2024 09:38:28"
"721","5","5422","4971","3/4/2024","2","2.3","4.6","1/1/1 00:00:00",,"3/4/2024 09:59:53"
"722","5","4629","4971","3/4/2024","2","2.3","4.6","1/1/1 00:00:00",,"3/4/2024 10:25:51"
"723","5","5418","4971","4/4/2024","2","2.3","4.6","1/1/1 00:00:00",,"4/4/2024 18:00:00"
"724","5","5923","4971","4/4/2024","2","2.3","4.6","1/1/1 00:00:00",,"4/4/2024 18:00:15"
"725","5","4866","4971","5/4/2024","2","2.3","4.6","1/1/1 00:00:00",,"5/4/2024 15:05:49"
"726","5","4974","4971","5/4/2024","2","2.3","4.6","1/1/1 00:00:00",,"5/4/2024 15:06:03"
"727","5","5422","4971","5/4/2024","2","2.3","4.6","1/1/1 00:00:00",,"5/4/2024 17:07:05"
"728","5","5922","4971","8/4/2024","1","2.3","2.3","1/1/1 00:00:00",,"8/4/2024 11:12:14"
"729","4","5923","4971","8/4/2024","2","2.3","4.6","1/1/1 00:00:00",,"8/4/2024 16:15:02"
"730","5","4968","4971","8/4/2024","1","2.3","2.3","1/1/1 00:00:00",,"8/4/2024 16:15:37"
"731","2","1774","4971","8/4/2024","1","2.3","2.3","1/1/1 00:00:00",,"8/4/2024 16:15:51"
"732","5","5418","4629","9/4/2024","2","2.3","4.6","1/1/1 00:00:00",,"9/4/2024 08:32:15"
"733","5","5418","4971","10/4/2024","2","2.3","4.6","1/1/1 00:00:00",,"10/4/2024 14:36:44"
"734","5","5422","4971","10/4/2024","2","2.3","4.6","1/1/1 00:00:00",,"10/4/2024 14:53:08"
"735","2","4974","4971","11/4/2024","2","2.3","4.6","1/1/1 00:00:00",,"11/4/2024 10:10:48"
"736","2","4866","4971","11/4/2024","2","2.3","4.6","1/1/1 00:00:00",,"11/4/2024 10:11:03"
"737","5","5418","4971","13/4/2024","2","2.3","4.6","1/1/1 00:00:00",,"13/4/2024 09:27:46"
"738","5","5422","4971","15/4/2024","2","2.3","4.6","1/1/1 00:00:00",,"15/4/2024 15:03:47"
"739","4","1774","4629","15/4/2024","1","2.3","2.3","1/1/1 00:00:00",,"15/4/2024 16:10:56"
"740","1","5418","4971","16/4/2024","2","2.3","4.6","1/1/1 00:00:00",,"16/4/2024 09:32:17"
"741","2","1774","4971","17/4/2024","1","2.3","2.3","1/1/1 00:00:00",,"17/4/2024 09:57:42"
"742","5","5923","4971","17/4/2024","2","2.3","4.6","1/1/1 00:00:00",,"17/4/2024 09:57:55"
"743","5","5418","4971","18/4/2024","2","2.3","4.6","1/1/1 00:00:00",,"18/4/2024 10:17:21"
"744","5","5422","4971","18/4/2024","2","2.3","4.6","1/1/1 00:00:00",,"18/4/2024 10:17:56"
"745","5","5418","4971","18/4/2024","2","2.3","4.6","1/1/1 00:00:00",,"18/4/2024 17:03:14"
"746","5","5418","4971","19/4/2024","2","2.3","4.6","1/1/1 00:00:00",,"19/4/2024 13:54:41"
"747","5","5418","4971","22/4/2024","2","2.3","4.6","1/1/1 00:00:00",,"22/4/2024 10:52:41"
"748","5","4129","4971","24/4/2024","2","2.3","4.6","1/1/1 00:00:00",,"24/4/2024 11:31:14"
"749","5","4968","4971","24/4/2024","2","2.3","4.6","1/1/1 00:00:00",,"24/4/2024 11:31:37"
"750","5","5422","4971","24/4/2024","2","2.3","4.6","1/1/1 00:00:00",,"24/4/2024 11:33:10"
"751","5","5422","4971","25/4/2024","2","2.3","4.6","1/1/1 00:00:00",,"26/4/2024 08:21:39"
"752","2","5923","4971","27/4/2024","2","2.3","4.6","1/1/1 00:00:00",,"27/4/2024 09:38:05"
"753","4","4866","4971","27/4/2024","2","2.3","4.6","1/1/1 00:00:00",,"27/4/2024 09:38:26"
"754","5","4974","4971","27/4/2024","2","2.3","4.6","1/1/1 00:00:00",,"27/4/2024 09:38:43"
"755","2","1774","4971","29/4/2024","1","2.3","2.3","1/1/1 00:00:00",,"29/4/2024 16:46:58"
"756","5","5418","4971","2/5/2024","2","2.3","4.6","1/1/1 00:00:00",,"2/5/2024 15:44:06"
"757","5","5418","4971","2/5/2024","2","2.3","4.6","1/1/1 00:00:00",,"2/5/2024 16:30:53"
"758","5","5422","4971","2/5/2024","2","2.3","4.6","1/1/1 00:00:00",,"2/5/2024 16:31:10"
"759","5","5418","4971","3/5/2024","2","2.3","4.6","1/1/1 00:00:00",,"3/5/2024 15:37:11"
"760","5","5418","4971","6/5/2024","2","2.3","4.6","1/1/1 00:00:00",,"6/5/2024 17:32:09"
"761","5","5418","4971","8/5/2024","2","2.3","4.6","1/1/1 00:00:00",,"8/5/2024 15:48:53"
"762","1","5924","4971","10/5/2024","3","2.3","6.9","1/1/1 00:00:00",,"10/5/2024 14:22:30"
"763","5","4968","4971","11/5/2024","1","2.3","2.3","1/1/1 00:00:00",,"11/5/2024 11:09:52"
"764","2","1774","4971","13/5/2024","1","2.3","2.3","1/1/1 00:00:00",,"13/5/2024 15:08:35"
"765","5","5921","4971","13/5/2024","1","2.3","2.3","1/1/1 00:00:00",,"13/5/2024 15:08:48"
"766","5","5418","4971","14/5/2024","2","2.3","4.6","1/1/1 00:00:00",,"14/5/2024 10:52:14"
"767","1","5924","4971","14/5/2024","2","2.3","4.6","1/1/1 00:00:00",,"14/5/2024 16:50:04"
"768","5","5418","4971","14/5/2024","2","2.3","4.6","1/1/1 00:00:00",,"14/5/2024 16:57:15"
"769","5","5422","4971","13/5/2024","2","2.3","4.6","1/1/1 00:00:00",,"14/5/2024 16:57:41"
"770","5","4629","4971","14/5/2024","2","2.3","4.6","1/1/1 00:00:00",,"14/5/2024 16:57:57"
"771","5","5422","4971","15/5/2024","2","2.3","4.6","1/1/1 00:00:00",,"15/5/2024 11:06:43"
"772","4","5923","4971","16/5/2024","2","2.3","4.6","1/1/1 00:00:00",,"16/5/2024 16:55:43"
"773","5","5418","4971","16/5/2024","2","2.3","4.6","1/1/1 00:00:00",,"16/5/2024 16:55:55"
"774","5","5422","4971","23/5/2024","2","2.3","4.6","1/1/1 00:00:00",,"23/5/2024 15:49:20"
"775","5","5418","4971","23/5/2024","2","2.3","4.6","1/1/1 00:00:00",,"23/5/2024 16:42:33"
"776","1","5924","4971","27/5/2024","2","2.3","4.6","1/1/1 00:00:00",,"27/5/2024 16:52:52"
"777","5","5422","4971","28/5/2024","2","2.3","4.6","1/1/1 00:00:00",,"28/5/2024 09:21:39"
"778","5","4968","4971","1/6/2024","1","2.3","2.3","1/1/1 00:00:00",,"1/6/2024 09:51:37"
"779","5","5422","4971","1/6/2024","2","2.3","4.6","1/1/1 00:00:00",,"1/6/2024 09:51:51"
"780","1","2472","4971","3/6/2024","2","2.3","4.6","1/1/1 00:00:00",,"3/6/2024 10:18:01"
"781","4","4866","4971","3/6/2024","2","2.3","4.6","1/1/1 00:00:00",,"3/6/2024 10:18:21"
"782","1","4129","4971","3/6/2024","2","2.3","4.6","1/1/1 00:00:00",,"3/6/2024 10:18:53"
"783","4","5924","4971","4/6/2024","3","2.3","6.9","1/1/1 00:00:00",,"4/6/2024 15:16:22"
"784","1","5924","4971","5/6/2024","2","2.3","4.6","1/1/1 00:00:00",,"5/6/2024 14:43:48"
"785","5","5422","4971","5/6/2024","2","2.3","4.6","1/1/1 00:00:00",,"5/6/2024 14:44:01"
"786","5","5418","4971","5/6/2024","2","2.3","4.6","1/1/1 00:00:00",,"5/6/2024 14:44:15"
"787","5","5924","4971","5/6/2024","3","2.3","6.9","1/1/1 00:00:00",,"5/6/2024 15:36:06"
"788","5","5418","4971","6/6/2024","2","2.3","4.6","1/1/1 00:00:00",,"6/6/2024 09:05:42"
"789","5","5418","4971","7/6/2024","2","2.3","4.6","1/1/1 00:00:00",,"7/6/2024 16:04:53"
"790","5","4968","4971","7/6/2024","1","2.3","2.3","1/1/1 00:00:00",,"7/6/2024 16:05:45"
"791","1","5924","4971","7/6/2024","3","2.3","6.9","1/1/1 00:00:00",,"7/6/2024 16:06:23"
"792","5","4968","4971","8/6/2024","1","2.3","2.3","1/1/1 00:00:00",,"8/6/2024 10:06:50"
"793","5","5422","4971","10/6/2024","2","2.3","4.6","1/1/1 00:00:00",,"10/6/2024 11:12:33"
"794","5","5418","4971","10/6/2024","2","2.3","4.6","1/1/1 00:00:00",,"10/6/2024 15:48:56"
"795","1","5924","4971","12/6/2024","2","2.3","4.6","1/1/1 00:00:00",,"12/6/2024 15:20:16"
"796","1","5924","4971","13/6/2024","3","2.3","6.9","1/1/1 00:00:00",,"14/6/2024 09:09:03"
"797","5","5422","4971","17/6/2024","2","2.3","4.6","1/1/1 00:00:00",,"17/6/2024 10:50:01"
"798","2","5924","4971","17/6/2024","2","2.3","4.6","1/1/1 00:00:00",,"17/6/2024 11:02:38"
"799","5","4968","4971","17/6/2024","1","2.3","2.3","1/1/1 00:00:00",,"17/6/2024 14:53:42"
"800","2","5924","4971","17/6/2024","2","2.3","4.6","1/1/1 00:00:00",,"17/6/2024 16:19:50"
"801","5","4968","4971","18/6/2024","1","2.3","2.3","1/1/1 00:00:00",,"18/6/2024 09:04:52"
"802","5","5422","4971","18/6/2024","2","2.3","4.6","1/1/1 00:00:00",,"18/6/2024 09:05:05"
"803","1","5418","4971","18/6/2024","2","2.3","4.6","1/1/1 00:00:00",,"18/6/2024 09:05:19"
"804","2","5924","4971","18/6/2024","2","2.3","4.6","1/1/1 00:00:00",,"18/6/2024 11:50:55"
"805","5","5418","4971","21/6/2024","2","2.3","4.6","1/1/1 00:00:00",,"21/6/2024 09:37:58"
"806","5","5422","4971","25/6/2024","2","2.3","4.6","1/1/1 00:00:00",,"26/6/2024 08:41:24"
"807","5","4968","4971","25/6/2024","1","2.3","2.3","1/1/1 00:00:00",,"26/6/2024 08:44:39"
"808","5","5422","4971","27/6/2024","2","2.3","4.6","1/1/1 00:00:00",,"27/6/2024 10:09:14"
"809","5","5422","4971","28/6/2024","2","2.3","4.6","1/1/1 00:00:00",,"28/6/2024 17:06:19"
"810","5","5422","4971","29/6/2024","2","2.3","4.6","1/1/1 00:00:00",,"29/6/2024 11:19:37"
"811","5","5422","4971","1/7/2024","2","2.3","4.6","1/1/1 00:00:00",,"1/7/2024 11:14:38"
"812","5","5422","4971","2/7/2024","2","2.3","4.6","1/1/1 00:00:00",,"2/7/2024 08:20:26"
"813","5","4968","4971","2/7/2024","1","2.3","2.3","1/1/1 00:00:00",,"2/7/2024 16:17:24"
"814","5","5422","4971","3/7/2024","4","2.3","9.2","3/7/2024 08:41:57",,"3/7/2024 08:41:57"
"815","5","4629","4971","4/7/2024","2","2.3","4.6","1/1/1 00:00:00",,"4/7/2024 17:59:42"
"816","5","5422","4971","5/7/2024","2","2.3","4.6","1/1/1 00:00:00",,"6/7/2024 09:30:53"
"817","5","5422","4971","26/7/2024","2","2.3","4.6","1/1/1 00:00:00",,"26/7/2024 10:06:19"
"818","5","5422","4971","29/7/2024","2","2.3","4.6","1/1/1 00:00:00",,"29/7/2024 15:45:23"
"819","5","5422","4971","31/7/2024","2","2.3","4.6","1/1/1 00:00:00",,"31/7/2024 11:28:46"
"820","5","5422","4971","2/8/2024","2","2.3","4.6","1/1/1 00:00:00",,"2/8/2024 08:49:40"
"821","4","5418","4971","2/8/2024","2","2.3","4.6","1/1/1 00:00:00",,"2/8/2024 14:25:50"
"822","5","5422","4971","5/8/2024","2","2.3","4.6","1/1/1 00:00:00",,"5/8/2024 10:36:20"
"823","5","5422","4971","6/8/2024","2","2.3","4.6","1/1/1 00:00:00",,"6/8/2024 16:32:18"
"824","5","4629","4971","7/8/2024","2","2.3","4.6","1/1/1 00:00:00",,"7/8/2024 10:45:27"
"825","5","4968","4971","7/8/2024","1","2.3","2.3","1/1/1 00:00:00",,"7/8/2024 10:45:47"
"826","5","5422","4971","8/8/2024","2","2.3","4.6","1/1/1 00:00:00",,"8/8/2024 10:59:54"
"827","5","5422","4971","9/8/2024","2","2.3","4.6","1/1/1 00:00:00",,"9/8/2024 11:18:24"
"828","5","5422","4629","16/8/2024","6","2.3","13.8","1/1/1 00:00:00",,"16/8/2024 11:14:25"
"829","5","4629","4629","16/8/2024","2","2.3","4.6","1/1/1 00:00:00",,"16/8/2024 11:14:40"
"830","5","4968","4971","17/8/2024","2","2.3","4.6","1/1/1 00:00:00",,"17/8/2024 09:55:17"
"831","5","5422","4971","17/8/2024","2","2.3","4.6","1/1/1 00:00:00",,"17/8/2024 09:55:37"
"832","5","4968","4971","19/8/2024","2","2.3","4.6","1/1/1 00:00:00",,"19/8/2024 15:48:07"
"833","5","5422","4971","21/8/2024","2","2.3","4.6","1/1/1 00:00:00",,"21/8/2024 10:50:20"
"834","5","5422","4971","22/8/2024","2","2.3","4.6","1/1/1 00:00:00",,"22/8/2024 11:30:19"
"835","5","4968","4971","23/8/2024","1","2.3","2.3","23/8/2024 11:29:18",,"23/8/2024 11:29:18"
"836","5","4629","4971","23/8/2024","2","2.3","4.6","1/1/1 00:00:00",,"23/8/2024 16:04:04"
"837","5","2472","4971","23/8/2024","2","2.3","4.6","1/1/1 00:00:00",,"23/8/2024 16:04:21"
"838","5","5422","4971","27/8/2024","2","2.3","4.6","1/1/1 00:00:00",,"27/8/2024 09:57:46"
"839","5","4968","4971","3/9/2024","1","2.3","2.3","1/1/1 00:00:00",,"4/9/2024 11:04:55"
"840","5","5422","4971","3/9/2024","2","2.3","4.6","1/1/1 00:00:00",,"4/9/2024 11:05:09"
"841","5","5422","4971","4/9/2024","2","2.3","4.6","1/1/1 00:00:00",,"4/9/2024 15:42:15"
"842","5","5422","4971","6/9/2024","2","2.3","4.6","1/1/1 00:00:00",,"6/9/2024 09:34:58"
"843","5","4968","4971","11/9/2024","1","2.3","2.3","1/1/1 00:00:00",,"11/9/2024 08:39:06"
"844","5","5422","4971","11/9/2024","2","2.3","4.6","1/1/1 00:00:00",,"11/9/2024 09:50:20"
"845","5","5422","4971","12/9/2024","2","2.3","4.6","1/1/1 00:00:00",,"12/9/2024 10:12:14"
"846","5","5422","4971","18/9/2024","2","2.3","4.6","1/1/1 00:00:00",,"18/9/2024 10:22:26"
"847","5","5422","4971","26/9/2024","2","2.3","4.6","1/1/1 00:00:00",,"26/9/2024 08:35:34"
"848","5","4968","4971","26/9/2024","1","2.3","2.3","1/1/1 00:00:00",,"26/9/2024 14:10:44"
"849","5","5422","4971","28/9/2024","2","2.3","4.6","1/1/1 00:00:00",,"28/9/2024 08:05:39"
"850","5","4968","4971","30/9/2024","1","2.3","2.3","1/1/1 00:00:00",,"30/9/2024 08:34:10"
"851","5","4629","4971","1/10/2024","2","2.3","4.6","1/1/1 00:00:00",,"3/10/2024 17:36:23"
"852","5","4629","4971","4/10/2024","2","2.3","4.6","1/1/1 00:00:00",,"4/10/2024 10:15:38"
"853","5","5422","4971","5/10/2024","2","2.3","4.6","1/1/1 00:00:00",,"5/10/2024 09:15:13"
"854","5","5422","4971","7/10/2024","2","2.3","4.6","1/1/1 00:00:00",,"7/10/2024 10:25:17"
"855","5","4968","4971","8/10/2024","1","2.3","2.3","1/1/1 00:00:00",,"8/10/2024 15:08:23"
"856","5","4968","4971","9/10/2024","1","2.3","2.3","1/1/1 00:00:00",,"9/10/2024 17:17:11"
"857","5","5422","4971","15/10/2024","2","2.3","4.6","1/1/1 00:00:00",,"15/10/2024 08:47:16"
"858","4","5927","4971","14/10/2024","2","2.3","4.6","1/1/1 00:00:00",,"15/10/2024 10:16:10"
"859","5","5927","4971","9/10/2024","2","2.3","4.6","1/1/1 00:00:00",,"15/10/2024 10:16:29"
"860","5","4968","4971","15/10/2024","1","2.3","2.3","1/1/1 00:00:00",,"15/10/2024 15:31:27"
"861","1","5927","4971","16/10/2024","2","2.3","4.6","1/1/1 00:00:00",,"16/10/2024 15:32:48"
"862","5","4968","4971","21/10/2024","1","2.3","2.3","1/1/1 00:00:00",,"21/10/2024 11:50:13"
"863","1","5927","4971","25/10/2024","2","2.3","4.6","1/1/1 00:00:00",,"25/10/2024 08:26:14"
"864","5","4968","4971","28/10/2024","1","2.3","2.3","1/1/1 00:00:00",,"28/10/2024 11:14:29"
"865","5","5927","4971","28/10/2024","2","2.3","4.6","1/1/1 00:00:00",,"28/10/2024 14:38:42"
"866","5","4629","4971","30/10/2024","2","2.3","4.6","1/1/1 00:00:00",,"30/10/2024 10:21:55"
"867","5","4629","4971","31/10/2024","2","2.3","4.6","1/1/1 00:00:00",,"31/10/2024 10:08:26"
"868","5","4968","4971","4/11/2024","1","2.3","2.3","1/1/1 00:00:00",,"5/11/2024 08:08:31"
"869","5","5422","4971","4/11/2024","2","2.3","4.6","1/1/1 00:00:00",,"5/11/2024 08:08:48"
"870","5","5422","4971","13/11/2024","2","2.3","4.6","1/1/1 00:00:00",,"13/11/2024 08:22:21"
"871","5","5422","4971","7/11/2024","2","2.3","4.6","1/1/1 00:00:00",,"13/11/2024 08:22:41"
"872","5","5422","4971","14/11/2024","2","2.3","4.6","1/1/1 00:00:00",,"14/11/2024 08:45:35"
"873","5","4629","4971","13/11/2024","2","2.3","4.6","1/1/1 00:00:00",,"14/11/2024 08:46:08"
"874","5","5422","4971","18/11/2024","2","2.3","4.6","1/1/1 00:00:00",,"18/11/2024 15:48:40"
"875","5","5422","4971","19/11/2024","2","2.3","4.6","1/1/1 00:00:00",,"19/11/2024 15:36:56"
"876","5","5422","4971","25/11/2024","2","2.3","4.6","1/1/1 00:00:00",,"25/11/2024 08:45:19"
"877","5","5422","4971","27/11/2024","2","2.3","4.6","1/1/1 00:00:00",,"27/11/2024 15:45:05"
"878","5","5422","4629","4/12/2024","2","2.3","4.6","5/12/2024 08:40:01",,"5/12/2024 08:40:01"
"879","5","4629","4629","5/12/2024","2","2.3","4.6","1/1/1 00:00:00",,"5/12/2024 08:39:22"
"880","5","4968","4629","5/12/2024","1","2.3","2.3","1/1/1 00:00:00",,"5/12/2024 10:37:16"
"881","5","5422","4629","6/12/2024","2","2.3","4.6","1/1/1 00:00:00",,"12/12/2024 08:24:37"
"882","5","5422","4629","9/12/2024","2","2.3","4.6","1/1/1 00:00:00",,"12/12/2024 08:24:55"
"883","5","5422","4629","10/12/2024","2","2.3","4.6","1/1/1 00:00:00",,"12/12/2024 08:25:15"
"884","5","5422","4629","12/12/2024","2","2.3","4.6","1/1/1 00:00:00",,"13/12/2024 09:00:47"
"885","5","5422","4629","16/12/2024","2","2.3","4.6","1/1/1 00:00:00",,"16/12/2024 10:19:02"
"886","2","5422","4629","18/12/2024","2","2.3","4.6","1/1/1 00:00:00",,"18/12/2024 09:51:14"
"887","5","4968","4629","18/12/2024","1","2.3","2.3","1/1/1 00:00:00",,"18/12/2024 09:51:29"
"888","4","5921","4629","18/12/2024","1","2.3","2.3","1/1/1 00:00:00",,"18/12/2024 09:51:42"
"889","2","5422","4629","21/12/2024","2","2.3","4.6","1/1/1 00:00:00",,"21/12/2024 11:40:15"
"890","5","5422","4971","26/12/2024","2","2.3","4.6","1/1/1 00:00:00",,"27/12/2024 10:15:12"
"891","5","5422","4971","27/12/2024","2","2.3","4.6","1/1/1 00:00:00",,"27/12/2024 10:25:48"
"892","5","5422","4971","7/1/2025","2","2.3","4.6","1/1/1 00:00:00",,"7/1/2025 16:14:09"
"893","5","5422","4971","9/1/2025","2","2.3","4.6","1/1/1 00:00:00",,"10/1/2025 10:04:05"
"894","5","5422","4971","10/1/2025","2","2.3","4.6","1/1/1 00:00:00",,"10/1/2025 10:04:21"
"895","5","4968","4971","13/1/2025","1","2.3","2.3","1/1/1 00:00:00",,"13/1/2025 14:42:09"
"896","5","5422","4971","14/1/2025","2","2.3","4.6","1/1/1 00:00:00",,"14/1/2025 08:32:19"
"897","5","4968","4971","14/1/2025","1","2.3","2.3","1/1/1 00:00:00",,"14/1/2025 15:06:24"
"898","5","5422","4971","17/1/2025","2","2.3","4.6","1/1/1 00:00:00",,"17/1/2025 14:35:38"
"899","5","4968","4629","24/1/2025","1","2.3","2.3","1/1/1 00:00:00",,"24/1/2025 08:29:07"
"900","5","4968","4629","27/1/2025","1","2.3","2.3","1/1/1 00:00:00",,"27/1/2025 15:23:48"
"901","4","5422","4629","28/1/2025","2","2.3","4.6","1/1/1 00:00:00",,"28/1/2025 10:12:52"
"902","4","5422","4629","5/2/2025","2","2.3","4.6","1/1/1 00:00:00",,"5/2/2025 08:34:01"
"903","5","4968","4971","11/2/2025","1","2.3","2.3","1/1/1 00:00:00",,"11/2/2025 14:14:33"
"904","5","4968","4629","13/2/2025","1","2.3","2.3","1/1/1 00:00:00",,"13/2/2025 09:50:11"
"905","5","4629","4629","17/2/2025","2","2.3","4.6","1/1/1 00:00:00",,"17/2/2025 08:52:46"
"906","5","5422","4629","17/2/2025","2","2.3","4.6","1/1/1 00:00:00",,"17/2/2025 09:47:17"
"907","2","5422","4629","19/2/2025","2","2.3","4.6","1/1/1 00:00:00",,"19/2/2025 16:19:56"
